CfgID,CruiseSpeed,ENominal,EReserve,GUID,MaxTakeoffMass,Range,RotorRadius,tNominal,tReserve,Vehicle
TestMissions,36.5783226998,17393.3838706,22624.0443718,36805efe-6abc-451e-ac5b-03064e72e854,5662.74606962,124777.825922,7.11162776192,3591.2506182,4791.2506182,1.0
TestMissions,77.3332228807,4427.68535663,6287.5092794,70638cb7-f6b1-4d1d-964d-121b4b337b4f,7234.69687827,91825.1239859,6.14018015378,1367.39554056,2567.39554056,1.0
TestMissions,68.1001996617,11087.7892155,15661.2274143,7e2f5b53-00f1-427d-b235-2e433b707e89,7043.57209593,102116.029854,8.80319752191,1679.49677623,2879.49677623,1.0
TestMissions,69.9446820601,1678.50288587,7110.55806608,ed59495e-1641-4988-86ea-0f4fc30fce23,9454.59264711,12688.5300844,9.76764543847,361.408074362,1561.40807436,1.0
TestMissions,46.5113862804,15043.8801342,18473.4418186,8f34e9bd-ade3-482a-b282-26d0a988a355,7238.84360273,186089.212708,6.2464783415,4180.93885798,5380.93885798,1.0
TestMissions,78.3407402761,140.827725193,173.702437363,e0464be8-999a-460c-b9d7-5c264a0e1956,5347.53317299,115769.803024,4.29692481224,1657.7726457,2857.7726457,0.0
TestMissions,32.3810292569,51.9952553386,97.1082729758,98541c21-39b7-4c2e-8edd-6938cde41ec8,2752.4225625,85893.9515074,5.34359272864,2832.6010284,4032.6010284,0.0
TestMissions,61.8363356494,145.319531672,189.22493549,9453f6bf-27dd-43b2-8dec-c3715a383d1d,9526.37429854,160777.104905,5.045120794,2780.04256748,3980.04256748,0.0
TestMissions,65.2563941727,83.5366886587,93.0420921889,57984f0c-f420-4ca4-a9f6-925f00593c35,1271.20638141,128458.768506,1.34276511748,2148.52385325,3348.52385325,0.0
TestMissions,77.0205136905,424.435207401,589.971886247,dfb0f52f-f2e7-4134-958f-8d874223521f,9172.45928973,109645.942962,3.41999865354,1603.59402331,2803.59402331,1.0
TestMissions,48.8989943388,39.7204037377,69.7053371362,b62b3062-a81e-4aad-81b3-2e54fbcd527c,5515.6874978,44198.4041298,4.02020393844,1083.87143391,2283.87143391,0.0
TestMissions,58.888158609,181.945731003,416.804377056,ab61f4e1-338c-4371-94cc-d6b0b6901301,2700.16917572,39236.7279111,7.00025738174,846.292321545,2046.29232154,1.0
TestMissions,31.13637731,2188.60155175,2864.37993866,2d7e500b-0f89-486e-aedc-d187c677721b,3468.94539571,126770.659023,9.62057545188,4251.46463316,5451.46463316,1.0
TestMissions,74.4903015958,214.39779581,287.475073155,5d2312b1-8ebb-402d-b8cc-7dd0ff9e389e,5269.09991708,165276.026354,7.00814256399,2398.75899027,3598.75899027,0.0
TestMissions,45.5351687617,752.490007061,1130.4710385,ad235626-9fde-45bd-8fca-ed24d56c636a,2591.60626676,98170.5610015,7.86731832123,2335.92834442,3535.92834442,1.0
TestMissions,55.4601514269,175.239452154,298.240869973,f1ea97ef-f9a0-4acc-b283-d795b44ec2ac,827.974777497,131154.725204,9.36504468118,2544.84614321,3744.84614321,0.0
TestMissions,37.4243410743,57.0374774277,92.6346004486,97c14d84-fd7c-4a10-a665-45261d05acf4,8008.97082679,117426.655873,4.42202813165,3317.7080398,4517.7080398,0.0
TestMissions,75.5465132061,160.408369474,176.360837906,80efca77-31cb-45b7-bce2-bb43f60fdcfa,5503.39437375,163159.480498,2.14749984012,2339.72218403,3539.72218403,0.0
TestMissions,44.1530681832,143.137920743,247.1814832,e5e37b57-9102-4774-853a-a791daa7751b,2841.00317534,154082.461742,8.54692105382,3669.73396601,4869.73396601,0.0
TestMissions,33.6308484351,2770.5650176,3601.68035855,94abaaa3-98f8-41cc-a7aa-15eebf545700,6578.55730665,136898.199331,8.30291317517,4250.61390662,5450.61390662,1.0
TestMissions,31.5281153625,951.065556877,1488.11645923,992159a2-6fa4-4a47-b31c-18ebae4b6c7c,9918.24156274,68683.1294354,6.52684863907,2358.47240933,3558.47240933,1.0
TestMissions,76.3470313436,193.840131757,213.180550088,da30514d-9792-4d28-bce7-cba6804ca0fc,8826.63153664,178051.210042,1.5460950925,2512.13010262,3712.13010262,0.0
TestMissions,74.4293893969,241.805276933,349.834186234,b0ab75b2-7bb2-41fa-95de-ada2b02543a9,7748.73470511,98745.6965172,6.18856238735,1506.70303112,2706.70303112,1.0
TestMissions,51.8519762011,123.098623964,246.615306133,15e977f5-73a9-45d9-80d8-8f58190fddb6,1461.93956289,15912.5583299,9.38026811336,486.884317546,1686.88431755,0.0
TestMissions,51.5082665246,5350.47893372,6771.96264843,6df9e8d4-8ca4-49f9-9b8b-785970e8185d,9928.50189391,193076.273592,9.26437278356,3928.45217321,5128.45217321,1.0
TestMissions,40.5092969654,54.1653324852,72.3307014952,3383dfa3-0f6e-4d3c-a348-86d3a4828d0c,6292.63728904,152355.331102,2.46914715172,3940.99667276,5140.99667276,0.0
TestMissions,69.4401865259,272.930507894,375.223238098,f0aabca0-a8ff-4420-93b9-ff71c94db253,3143.99292451,127350.269349,5.23229166987,2013.95632587,3213.95632587,1.0
TestMissions,54.0221626296,256.919549343,347.510083376,150b96fb-aa9b-4b0f-9277-85c8915969be,6260.93873152,141474.969783,4.16570794361,2798.83202923,3998.83202923,1.0
TestMissions,40.2016647701,56.1894163251,78.3722454423,87bce729-14e1-4a7c-b3b3-15cb853c2e91,9856.78389791,132509.31062,2.62045429861,3476.11500861,4676.11500861,0.0
TestMissions,79.6992580176,462.670446413,599.211119668,aa488d17-34fe-4af8-a71d-415841f9e622,3391.11641253,155271.012706,7.78055442321,2128.21152127,3328.21152127,1.0
TestMissions,67.139904316,110.423612478,127.168813073,6bd9947d-bd92-4db0-927f-9ba0983ffebb,6977.81164851,132871.414055,1.31607436509,2159.02298803,3359.02298803,0.0
TestMissions,41.2029355185,893.542933439,1108.7922356,5c45486b-c85b-4772-bf50-874ef08de79c,9695.50028061,197573.366354,6.22113123637,4975.12840208,6175.12840208,1.0
TestMissions,68.0781358978,197.121045119,253.342183774,4aac01e9-f72f-4a34-a04a-792c7b244bdc,6560.15489702,152971.076127,3.56035374479,2426.99272549,3626.99272549,1.0
TestMissions,57.7530128238,287.813886974,652.81351455,6644068a-85e1-463c-a24a-3a53cc3643cb,6468.50693431,39649.5894658,9.41944467831,866.537161044,2066.53716104,1.0
TestMissions,37.4834787198,234.97807862,304.577651345,8bfa4fd4-ed77-4124-8e46-7997fd17a6d4,7294.01479884,145803.814491,3.02290198953,4069.81544592,5269.81544592,1.0
TestMissions,59.3976158317,30.4065563752,71.5423985928,9bf24ef9-e727-420a-98a8-1108b16d8cbd,6036.54180925,27529.7427265,2.01911981313,643.482285291,1843.48228529,1.0
TestMissions,64.4662234597,245.17777586,513.768054911,86aebe41-d763-4020-94b0-97bc22dba157,9935.65868902,44953.395037,8.46993394433,877.317023156,2077.31702316,1.0
TestMissions,68.4167860477,109.493810203,194.446443841,59228410-fe0a-467f-888e-4333ccf9a28e,2381.62505691,44324.912921,7.66364232769,827.866049862,2027.86604986,0.0
TestMissions,53.7859037384,177.458694882,317.097675258,70a54e8b-6b9a-4806-8ec5-5a3221c3d511,3522.01549994,99661.1024303,9.98900037251,2032.92233658,3232.92233658,0.0
TestMissions,39.3166886623,65.6494205464,104.850581412,b5729739-094c-463b-b4af-56091612f36f,9166.88630092,122626.771813,4.6804152065,3298.94963654,4498.94963654,0.0
TestMissions,64.2609733627,285.077836982,503.534916579,1dcc6c53-9c45-44d4-8b00-b93b45918ae5,5358.72792557,65396.5476122,8.40909122794,1197.67128928,2397.67128928,1.0
TestMissions,40.3238976624,193.566185352,251.709839223,1a7ced9a-483e-4820-b375-492b0e1d32a8,3238.50497374,152827.369897,3.43782551162,3969.99498453,5169.99498453,1.0
TestMissions,32.2443240513,125.639403771,249.065766387,3bd6fd1b-545e-464d-965d-869d830275f0,7699.62908355,55709.9484003,9.30816061253,1907.74434073,3107.74434073,0.0
TestMissions,41.4875962961,1185.74812288,1484.67257445,8d7aac46-3cbe-4f61-a4a4-0f7e53f2a0fb,6673.57522693,189729.049475,7.73235003541,4753.15116839,5953.15116839,1.0
TestMissions,63.0185793768,149.934336715,218.464714088,2d4e976d-70b0-498c-8dcc-cc1f39f6fe73,4287.71887081,140709.468263,6.77572326017,2412.82513911,3612.82513911,0.0
TestMissions,58.2669856503,89.4021589627,165.353014386,2ab20f07-b047-4082-b8f2-f140d78f779c,3562.95883319,38868.6042852,7.18944870046,847.077657294,2047.07765729,0.0
TestMissions,59.1076919571,318.543633795,435.981221513,d2dd2fc8-c790-4e29-8393-8c536dc7d122,2478.86165654,137079.675802,4.1290185309,2499.15121811,3699.15121811,1.0
TestMissions,65.8016855892,89.0276060764,114.483583121,5f134646-8f01-4c60-9a90-2b786204e732,4675.8573903,102318.636435,3.59968211459,1734.95464164,2934.95464164,0.0
TestMissions,79.7860506144,80.0692086861,134.983376403,e2cdcada-9f03-4e65-b13b-dee66eaab527,7486.16843364,46054.1644163,3.0756852432,757.220755528,1957.22075553,1.0
TestMissions,63.7964911518,63.7667396869,104.436606027,f39ef5f2-07b5-4caa-ab8c-a39993dc165b,6608.99661931,45370.0025305,4.90250830012,891.16767884,2091.16767884,0.0
TestMissions,38.4998806946,199.175643483,322.263940537,8ed933c1-253e-4dbd-bda2-f85a015be522,7676.3960278,71501.9656737,4.40639291088,2037.19966877,3237.19966877,1.0
TestMissions,69.7449013521,312.061428803,646.690256294,1374e6be-fc59-4cf5-b1e6-f1cf13fad6e5,5848.38191492,45502.5436001,9.7929695822,832.413907224,2032.41390722,1.0
TestMissions,51.7677462661,133.577764537,224.539959715,b94b93ba-0090-4821-91a4-6d76eac20bd3,2536.90262724,121461.993313,7.95214452119,2526.28706239,3726.28706239,0.0
TestMissions,49.1912758235,178.400729242,228.51763768,3ff02653-f890-41f5-9f6a-0cd8c3b4e6d4,729.925344139,178913.792443,2.14845388152,3817.10412971,5017.10412971,1.0
TestMissions,70.7246962164,125.930899422,658.570218486,1ba1b58b-c153-4d62-b70e-983dbf4d4bc3,7650.49016106,10777.6453859,8.49562752511,332.388712324,1532.38871232,1.0
TestMissions,36.7236031882,1394.42862394,2056.17381606,6d18d573-7acb-4658-a78b-e433cd406224,740.502286555,91786.2689182,7.2948177387,2679.38080552,3879.38080552,1.0
TestMissions,38.804293013,1056.79383372,1350.92794485,afb21d1b-f926-41f0-ad6c-a82435d286cb,6372.27133562,162048.419508,4.8318775387,4356.04360048,5556.04360048,1.0
TestMissions,73.9014510947,2042.11009722,2663.2967645,dc415024-5a15-45a4-8ef0-71b14ba4a4e2,8609.87620576,160189.942228,9.44146863546,2347.61565376,3547.61565376,1.0
TestMissions,38.9391658841,151.211223538,275.319583655,e8b19c82-2c31-49b7-9f4f-38739ae26c7c,7059.98462384,52450.8733568,2.94290831069,1526.99529807,2726.99529807,1.0
TestMissions,49.8973034722,253.847636935,366.503796087,7554ac36-7f00-45f3-9773-22724afca753,2079.88517304,111480.282302,3.24814685052,2414.19452644,3614.19452644,1.0
TestMissions,50.3597289379,202.203390669,263.427978567,28319b62-b5b6-47a7-9727-d63d7d6b9c78,1764.33058017,159359.928032,2.35870797683,3344.43180678,4544.43180678,1.0
TestMissions,50.6476380025,168.634134768,271.455779697,d822560e-6094-4b63-aabc-29670ead9407,2683.23541807,185684.412715,8.49459750464,3846.20083459,5046.20083459,0.0
TestMissions,75.7462309086,848.545006467,1450.42118625,504a67ff-001f-4e65-a01a-406352af25e0,950.125369775,101650.796511,9.78840870891,1521.99147986,2721.99147986,1.0
TestMissions,71.0461951649,545.481264832,946.267394352,46c73b90-722a-49bb-b1f2-c2ffd1dbb1d4,4284.89286686,67770.0302231,7.57885722116,1133.8868347,2333.8868347,1.0
TestMissions,47.3177323112,851.891325045,1676.77194965,5a0706e9-5972-4f6f-bbed-1b1a3250b1c9,2860.02232395,51165.0375954,8.96911937528,1261.30789656,2461.30789656,1.0
TestMissions,63.3870259356,452.790529195,1101.18963424,c7f8cde6-b7e0-43b7-998a-7cb508f6717e,523.599806727,50498.7190723,9.24513983571,976.672794266,2176.67279427,1.0
TestMissions,32.0042939443,60.3884987408,79.9614619547,4efd8d82-d22e-431c-8298-5e9149f4c3ff,7787.3586789,147278.496562,1.12492776661,4781.83551678,5981.83551678,0.0
TestMissions,55.6041849358,32.4922275315,53.8713023759,7262b230-c942-4506-a14b-d57696ee469a,8352.85701659,36589.1345813,2.73839523966,838.028431196,2038.0284312,0.0
TestMissions,38.5718325709,49.5736587574,65.508580995,5d6e371b-b32a-4b87-af89-b5773e907e0f,6481.35168063,149347.50134,1.83968016087,4051.93170213,5251.93170213,0.0
TestMissions,74.9420747059,188.772490459,263.626514966,823ab8d0-6c52-435c-8522-0c02ab3845b1,871.353621336,146907.816222,7.16865877346,2140.28488401,3340.28488401,0.0
TestMissions,39.4700627981,81.558259247,127.472712565,c1e09afa-5490-40d3-83d5-335ec60d07e7,4594.58132139,171241.863302,5.35532895773,4518.52523057,5718.52523057,0.0
TestMissions,31.3375283479,80.9855074754,163.660567787,7afa2474-0ed8-4ca0-9db6-bd0609bc4241,7136.06053429,35903.3637191,7.47750661711,1325.69864351,2525.69864351,0.0
TestMissions,50.457653464,138.775912581,277.760687053,11e91c6e-10e1-4ab7-9df6-95334bf85c53,9090.37024708,17621.3597129,9.90380150961,529.230661816,1729.23066182,0.0
TestMissions,64.6576152555,87.236586685,103.985753795,696d4adc-bfe0-475a-a740-0af9fe770c0b,1926.62726605,123303.451471,2.68738977126,2087.02133049,3287.02133049,0.0
TestMissions,71.1502752148,97.5930463578,120.172453883,bb583a06-9abe-4d83-aabc-6c6407133892,7370.20086798,96480.2315685,3.04939837438,1536.00644238,2736.00644238,0.0
TestMissions,37.1181947755,2035.91863719,2506.50071635,79efe871-c909-4e0f-ba10-ee4554830a08,1195.6873109,194132.55205,9.34546541171,5410.11836172,6610.11836172,1.0
TestMissions,47.6839928066,101.899157926,153.718267835,d32d7225-9385-43ee-ab50-733191235d53,4551.45453537,157714.820402,5.76011800651,3487.50029767,4687.50029767,0.0
TestMissions,51.6004822234,215.818319438,454.130615761,0c39d7df-209c-458d-9840-d637a93071e1,4833.65173925,44958.9656634,6.14501488156,1051.28964161,2251.28964161,1.0
TestMissions,34.9495594016,57.8825386144,109.589035185,d136624d-b946-46e9-988a-30a77cf0bbc3,412.41082054,72312.4510924,5.83177210491,2249.05186591,3449.05186591,0.0
TestMissions,72.0801561783,212.990692413,578.682539249,334974b4-dbb2-4372-9607-348c8eb38717,2223.85575134,30531.6437482,3.04595153109,603.579045427,1803.57904543,1.0
TestMissions,71.9366823309,1368.97964107,2069.10144525,d96f685a-9c03-486f-98cd-11e756ce2668,7302.69809768,96129.423273,4.19238003533,1516.30604245,2716.30604245,1.0
TestMissions,37.3938401175,128.847637688,245.897553639,6f2c3f5a-feb7-4103-9671-2d34eb6001a7,2551.45997851,87941.0525312,9.10597417626,2531.752381,3731.752381,0.0
TestMissions,79.7587784551,248.574823973,314.563411684,de4ea48f-57b5-42ef-b48f-f9ff484d961f,1349.78108245,196085.956856,3.19819094357,2638.4874625,3838.4874625,1.0
TestMissions,63.3560105645,157.555312334,259.279301204,716c05aa-54d8-40e4-bfd0-0e5245a15b50,7861.79045375,92439.0725417,8.37676660306,1639.0418765,2839.0418765,0.0
TestMissions,70.4501742396,43.4859014359,55.0134650226,495a6d18-1316-4865-a8ff-793caee37921,1422.78495901,52701.1985851,1.83237436057,928.063424313,2128.06342431,0.0
TestMissions,48.5838477051,35.6771285441,68.9139698892,fd6ff25a-2611-4432-ac58-b0dfb642c7a0,733.852711944,26416.6611687,4.47462166641,723.733409693,1923.73340969,0.0
TestMissions,65.4626772027,17.3212572798,27.549592747,4a444870-7971-4b12-a258-d90ba4b880eb,855.410912983,22007.4023626,1.60176358747,516.182437123,1716.18243712,0.0
TestMissions,39.336664513,47.2958877254,112.450129896,e7dabc84-2bb2-40d8-9e86-30fcd02d828a,876.582393379,31780.1099113,1.37608857939,987.900474145,2187.90047414,1.0
TestMissions,61.0845407862,134.279167227,367.061238995,74882672-dc11-4c38-b36f-f329b00116e6,1074.36115923,32934.4113112,3.15777722512,719.161150879,1919.16115088,1.0
TestMissions,64.6764996153,2313.76059349,3959.38453198,f86ee43e-25f7-4c32-82ca-0daa13d24fd8,1404.08654502,81703.8867373,8.68497729785,1443.27007836,2643.27007836,1.0
TestMissions,61.2628436877,34.3663798262,61.5928916042,5fe083a0-277b-457a-847a-892e4d716da9,9251.48539038,23907.1822797,3.48325969386,570.239512903,1770.2395129,0.0
TestMissions,63.9018027274,158.567729547,187.181865566,aacab5a8-13ea-4f2d-9ac6-ba962194f52b,8535.5463275,193206.073395,3.70203418503,3203.48392609,4403.48392609,0.0
TestMissions,52.8715910422,89.7527222765,110.260326498,4e6df5f0-a8b9-4351-838d-1f0234412ae6,9839.83719204,148936.080276,2.06062634547,2996.93963319,4196.93963319,0.0
TestMissions,47.0800435448,138.095193344,268.539662884,7d871673-eeea-4798-b7bf-eaac350af342,6147.22323151,41480.7736128,9.60732666178,1061.06914288,2261.06914288,0.0
TestMissions,67.7400486597,577.817052307,785.531103236,5e46154e-8699-41fd-a0d4-d8598baa48bf,6396.92767552,138348.104806,7.32829382821,2222.33843263,3422.33843263,1.0
TestMissions,55.0345571485,48.0458107757,62.5496848385,edc57bbc-0fe3-4b49-bd89-2fdf93665248,1355.38753255,89909.7537958,2.384753617,1813.69632562,3013.69632562,0.0
TestMissions,57.4218617268,80.9590272801,117.341412441,ef18e5c6-fa68-43e0-88ae-f4db0de9738a,9160.0853263,90423.3270775,4.43582216218,1754.71952943,2954.71952943,0.0
TestMissions,36.7040586692,118.459316028,232.758371488,2d93aae2-1ddc-4c02-b6bf-ac707b3cffa4,2127.18783774,54305.2219124,8.99561783358,1659.54269586,2859.54269586,0.0
TestMissions,36.9336109543,1228.02573922,2204.36259787,2b2d43fb-3ffd-4ea2-87b6-3530b956aca8,6835.30108906,54468.726443,8.1310576475,1654.77392639,2854.77392639,1.0
TestMissions,70.3563273741,199.201211154,311.049647465,080d5927-0522-43f6-bf45-73f24ddaa1dd,911.563559557,111674.676121,3.59529198278,1767.27267738,2967.27267738,1.0
TestMissions,70.5024424562,238.746953312,348.936609546,e20e08cf-ce80-48d4-966d-f5ff09542c89,429.472660056,188112.429055,8.83769165134,2848.16896693,4048.16896693,0.0
TestMissions,76.6545349581,177.244014632,358.359465703,8867a29e-8718-4d47-a7db-7ebdb01da1a2,7673.77498428,39652.7473416,2.03579793314,697.29160399,1897.29160399,1.0
TestMissions,42.6522400823,49.8467114242,102.171608629,96019491-7f99-4794-8ae0-ce5d22c104a4,7508.83720983,17505.4221913,5.71745659073,590.422105792,1790.42210579,0.0
TestMissions,64.6330903508,142.089117388,215.128621273,a6562b50-6357-492b-ab87-69fa97de9b96,6972.35574267,109095.098697,6.97435557978,1867.91400976,3067.91400976,0.0
TestMissions,62.2960828063,130.418365393,260.556766622,59acbe2e-50d4-4a82-a5d6-9ae26a1bc82a,6055.01799497,12256.3488461,9.59633121988,376.743491628,1576.74349163,0.0
TestMissions,58.0355495911,164.541876519,261.942793627,562a2adc-d4cf-4894-bc30-c34580ad0bf2,9021.05432671,82953.3720385,4.25596754676,1609.35446675,2809.35446675,1.0
TestMissions,35.53483914,30.7440358205,51.6901532082,4a69d584-97ce-4dd9-852d-f03cdc89cd4d,8513.72610794,73190.9817774,2.63101868268,2239.69644295,3439.69644295,0.0
TestMissions,70.732975492,301.989689937,531.779313332,b4c15f3a-e346-4122-951b-1139dbff5259,5084.61911157,63795.5601629,8.91272690573,1081.92105901,2281.92105901,1.0
TestMissions,76.3471747644,189.597431032,242.186947249,4b89747d-2127-4715-bd9c-f1b575679ea6,4816.84540212,154266.727025,5.80451812734,2200.59509734,3400.59509734,0.0
TestMissions,79.0828343022,439.905947832,549.975567794,db564df9-f968-4873-a832-14fdb3ed4240,3381.57383327,177529.325727,5.35138666373,2424.85284693,3624.85284693,1.0
TestMissions,37.7075577926,43.0558059737,73.4201752145,f0bba9e4-56bf-4ac6-a88d-f834e1e36707,7449.76648743,82132.0583099,3.95652001572,2358.13253146,3558.13253146,0.0
TestMissions,31.9640713776,66.8727992197,204.571166232,ce11f7bd-70d6-4d13-a8da-96124ca8e576,1253.528018,17893.6137728,4.84365047869,739.803961187,1939.80396119,1.0
TestMissions,57.3553968829,157.50411331,243.671160985,ca68eda2-0e13-4bf1-9ed6-0f2cbaa4d029,3307.71734745,153715.416839,7.7110786921,2860.05148937,4060.05148937,0.0
TestMissions,41.3708441013,107.603122255,210.974865885,190032c8-6f68-4685-83cc-9d2a63f8e84f,6272.3798297,41554.2761566,8.47375432537,1184.43384851,2384.43384851,0.0
TestMissions,40.3361890947,148.549965621,288.457751717,74fa3a8f-f771-4350-9323-9b40be50bf06,5822.64290812,60294.1714687,9.97596126167,1674.79097609,2874.79097609,0.0
TestMissions,30.1990494974,46.9892170333,78.4819613566,8fe8f516-b33a-4c62-bd80-bd2724f5bdb2,8306.73707737,131815.321173,4.01997627457,4544.88311276,5744.88311276,0.0
TestMissions,75.6606444039,281.362632673,330.425763821,5ed7e3d6-9d69-41ec-a505-9e2782b8c1a9,7992.87694132,191623.42549,2.16983361815,2712.66975188,3912.66975188,1.0
TestMissions,32.7948699403,1621.23552349,2098.27934612,6afffd93-d7bc-4b8b-8719-4be7a98847ff,8726.87615958,139824.649999,9.42104932036,4443.61349363,5643.61349363,1.0
TestMissions,61.0951875142,183.659436077,257.135094931,4f8a6b3c-10c6-4e29-b09b-62cbac6e1ee4,5111.35870616,194791.956633,7.03241062768,3368.33552295,4568.33552295,0.0
TestMissions,40.8424995602,308.861326308,581.282329648,2e5e5d8c-05d5-4e19-b8e2-88a69d351639,360.634890173,54615.7603777,6.55797632016,1517.22864579,2717.22864579,1.0
TestMissions,44.5357894159,127.203864586,163.771048789,75847383-c063-4b29-b9de-14bdb99cd502,4055.88185349,157907.651026,1.85188884795,3725.63493983,4925.63493983,1.0
TestMissions,57.0706755268,120.661224889,172.678512455,4d825878-f867-45b3-b7fd-a06933b4c410,263.080403388,155170.304611,3.27162734771,2898.91480483,4098.91480483,1.0
TestMissions,55.4418880348,1052.11355504,1403.94673272,fdcc1bcc-3c9b-4c13-8919-453df4455f47,3800.76382307,156337.244688,8.10375655276,2999.83984004,4199.83984004,1.0
TestMissions,43.5064801603,446.566248521,584.734374551,d0a03d20-c8fd-4621-a552-a2161c9f9680,8743.48776752,155640.534709,4.38795007542,3757.41040267,4957.41040267,1.0
TestMissions,33.6857149827,932.912143039,1213.82298225,97a03171-760c-4891-9547-b7ca6111b342,7078.1234048,137703.416838,6.067180647,4267.88760782,5467.88760782,1.0
TestMissions,45.0645158572,62.3129161567,84.8156634174,2bfbf504-2174-4485-a53d-3f7d7dad2fc9,2238.8899261,151818.139888,3.39541000146,3548.90648885,4748.90648885,0.0
TestMissions,46.8633176391,3289.52137484,4480.30104957,9e6e892c-67d8-4b9a-9786-cd1b84040aee,9667.90537788,137464.151355,9.90631296847,3113.29961003,4313.29961003,1.0
TestMissions,73.3876704084,180.327814314,237.833849855,f671526e-4c3e-40e6-9f10-1c039633317f,9397.07587351,137185.180186,6.00342159296,2049.32190956,3249.32190956,0.0
TestMissions,63.8396625346,182.43529178,380.649278691,7e063f84-c1c9-4b3a-b999-7955d4ebf852,2314.59126851,46979.6950213,8.07603785821,915.901368462,2115.90136846,1.0
TestMissions,53.4588053452,555.096785285,910.827096639,44554b38-4629-4393-907e-c8e74c92092a,8295.22944108,80430.5221476,9.91292330532,1684.53272624,2884.53272624,1.0
TestMissions,72.5706755895,128.233805702,178.094924305,a933a961-c400-4f31-bdb5-f219477c2cfa,1571.92205466,120386.175693,4.26411835727,1838.88183781,3038.88183781,1.0
TestMissions,49.5576769113,200.798865077,417.760190716,3ca000be-d92c-4759-8a5a-9e863b52f0fe,5276.69620693,45312.2183144,7.4823187086,1094.33297803,2294.33297803,1.0
TestMissions,55.0371237832,38.1856178905,72.5536736279,ccbf8f6a-5afb-43b2-b0c2-cf4bdba3c718,5501.61589018,23060.5489571,4.42287503767,598.999892654,1798.99989265,0.0
TestMissions,59.8288547221,194.791434018,304.712702291,07632af1-4d45-4b78-b2b8-411334d115ae,1178.62585632,173737.703225,8.81952024445,3083.91156628,4283.91156628,0.0
TestMissions,41.5187778655,468.780036025,611.809443857,68152ba7-3c75-4821-995a-0b75ed242fa0,924.162267665,153179.869881,2.45575345938,3869.41182174,5069.41182174,1.0
TestMissions,39.7849816692,2448.6442551,4127.66894443,510a7ace-0148-458a-bd81-85c499517e4c,2071.89645882,66358.7070693,8.34671536772,1847.93358411,3047.93358411,1.0
TestMissions,75.9824032629,138.608958934,204.88569482,8be114dd-0fc8-4c1f-9673-9b9cff5f23b7,5881.07899635,84165.0175897,6.61814964081,1287.69091231,2487.69091231,0.0
TestMissions,30.4179078533,416.027481209,646.046003845,d0da4020-34db-4038-baed-3004f6581f06,7729.00724752,68570.3787252,5.61403455265,2434.2766273,3634.2766273,1.0
TestMissions,30.3352528092,113.383935708,216.197904126,97784a6d-d54b-4fc6-8d13-9273f574feea,5948.24228648,117535.79714,8.45328926939,4054.56131911,5254.56131911,0.0
TestMissions,43.1365509723,436.278859374,766.678478566,5ba7e864-da49-4e33-952b-c38516742d4b,1746.88595642,63069.238986,7.56297480747,1642.08348986,2842.08348986,1.0
TestMissions,37.3262279979,1739.94148175,2294.15921812,c72a6be5-b89b-4e4f-89f9-95bded00ac0b,6313.83986958,140115.36498,9.35842048913,3933.80456306,5133.80456306,1.0
TestMissions,34.8517919685,61.5930470281,132.511998326,f84676e0-986b-464c-81b4-385ec6f07033,6717.54655479,32172.1447575,2.859423962,1103.11307225,2303.11307225,1.0
TestMissions,42.4429214292,36.9820989216,60.3694035119,396e4fcc-5832-4e4b-993e-9c3523231b71,632.548763124,77243.0165237,3.55078089793,1999.92694948,3199.92694948,0.0
TestMissions,61.660033142,26.710399933,37.7110305999,9df14452-f2ec-4cc1-b0e7-13b69323c1c9,1224.87444065,40074.5866124,1.73919322086,829.92807448,2029.92807448,0.0
TestMissions,59.773559055,4737.71034425,6285.82466741,79a8a49f-e439-4abf-9229-4f554dc8cf6d,2505.95629079,163944.062661,9.55084266263,2922.75223448,4122.75223448,1.0
TestMissions,37.9516047782,136.440407635,265.183239338,737943fe-5c39-4869-90b8-491823c0f794,5915.3681779,63972.1533672,9.54282346768,1865.6244615,3065.6244615,0.0
TestMissions,60.7911264894,252.855789896,393.343211392,1b5d94b0-08bd-454c-a208-7585dbb0fce5,380.028123457,130031.605418,5.82487053796,2318.98989749,3518.98989749,1.0
TestMissions,65.829187472,159.436907941,196.45265137,5305bd2c-d4c4-48fa-9d96-af70a5232e15,6546.16271105,179663.637758,4.60804809667,2909.23978948,4109.23978948,0.0
TestMissions,33.727868853,120.169468342,235.647770149,8f2329d9-412f-4eff-a6bd-f8617caa74cc,4918.21385993,65427.6138246,9.01438513442,2119.86800974,3319.86800974,0.0
TestMissions,70.4637173779,142.975420689,178.480629922,fd19ab95-5da8-4de2-9ed2-1858967033ba,1196.40635208,156096.759177,4.65208915723,2395.27851475,3595.27851475,0.0
TestMissions,64.5570044922,59.7888557865,76.2843156622,c562d968-0fa6-45df-8020-81d518285715,7013.40042902,73329.1462242,1.79262503187,1315.88210607,2515.88210607,0.0
TestMissions,44.5127467612,63.5390249932,98.2797284845,ca7b24de-7904-4ef4-a00d-46be6d4ba9e3,8631.20418482,104727.46942,4.31361328592,2532.75234714,3732.75234714,0.0
TestMissions,45.5553301146,23.9022152263,44.1370519752,a49784fa-4302-4df6-942c-3b125ce7aa35,3842.26290504,33441.6697223,3.03367934688,914.089065717,2114.08906572,0.0
TestMissions,60.6144181048,1341.35117842,1723.34072311,2b71f4be-e5dd-4194-b7a1-53f2e2b7d426,2818.40139329,186087.726756,7.88057304181,3250.02413905,4450.02413905,1.0
TestMissions,55.5693299991,144.732550709,208.738111134,d64d9695-e660-47c3-84e3-91484e3789c7,1944.22303331,188956.124753,6.55799304694,3580.36715857,4780.36715857,0.0
TestMissions,55.8092518927,1233.32684547,1949.90642402,0b92d23b-6149-4466-82f7-d15fccc27a09,5847.65936801,89153.226405,7.74432894506,1777.46320514,2977.46320514,1.0
TestMissions,70.1338177455,2632.86705529,3445.45370292,e33935c7-cb97-441e-b405-d9938657e622,2803.89059842,171026.352079,9.32555255646,2618.57182706,3818.57182706,1.0
TestMissions,42.4932304891,153.853248941,272.67656366,09ddfa7f-0436-4059-9c9d-c1ae11f48fb6,7414.16604914,138806.562534,9.12285002729,3446.55707124,4646.55707124,0.0
TestMissions,35.8345203223,54.5372454408,104.082118292,bc536e2a-cbd4-461c-b4d5-242ac85cea14,1126.0549567,61909.5073552,5.67919610091,1907.64995313,3107.64995313,0.0
TestMissions,73.5315619114,551.325236269,732.649791409,acb52330-a5c8-45b5-ba7f-035cfba534c7,2557.77538968,151158.081006,3.49345894267,2235.68978921,3435.68978921,1.0
TestMissions,65.1560013425,199.42135913,297.206741139,81fe76be-1826-4ced-bf0f-ffa67eedea7d,7234.74283054,152093.051862,8.20627776845,2514.29075954,3714.29075954,0.0
TestMissions,58.4001497801,92.4853219079,125.259437724,0685fcef-ed0f-42cc-b915-1ace2356ab60,2949.20175457,127218.165844,4.37564103132,2358.38766378,3558.38766378,0.0
TestMissions,30.7977029455,3968.57779074,4960.9229159,a7bc8f31-971b-4700-adc1-a9db34fb87f7,4287.111789,153838.493885,9.04388843275,5175.12883013,6375.12883013,1.0
TestMissions,53.6649400692,323.278848868,433.544442437,362ecf91-3f85-4a57-8ee0-5c47c53992f3,3075.57880943,146313.178732,3.50908227436,2906.42023905,4106.42023905,1.0
TestMissions,40.0094437796,290.998204092,575.005033944,ad4385a5-cf24-496a-ac6c-3f944a6f8913,1747.65642146,46420.8561036,5.16788610719,1340.24747456,2540.24747456,1.0
TestMissions,39.389896435,107.942975677,206.843700781,2a0b64a9-eb70-445c-9542-4732c9cb5baf,9479.03344633,61843.8949405,8.22227768755,1750.04461899,2950.04461899,0.0
TestMissions,73.5208283008,159.40316833,176.710910816,6340a43a-2b85-44e2-b70b-3c257e55e7f3,2641.50297205,180674.476812,2.71929640692,2637.45975648,3837.45975648,0.0
TestMissions,65.617460469,112.245205522,131.790669985,c2d5eb00-2703-4d28-8878-fd390db49e14,4502.95368947,145543.697974,2.89084468961,2398.06356011,3598.06356011,0.0
TestMissions,67.1036905788,448.750693505,575.002542925,0886eae4-f50c-4778-a8b0-d08f36ee7514,5843.42184731,171884.158431,4.96223927052,2741.47101521,3941.47101521,1.0
TestMissions,68.3631069209,168.532993217,286.643532181,ee04a354-09a6-42cf-ad26-743196c86373,304.030315643,84635.9210076,9.17035822431,1418.03502824,2618.03502824,0.0
TestMissions,64.5158463069,1819.61895367,6447.13988033,9a959ace-e632-4a70-8e19-3799d90f3aa4,5414.31921012,20342.3277336,8.78275078401,495.307461625,1695.30746162,1.0
TestMissions,52.6782044178,8189.40823339,14936.425167,30ab47a9-7662-44c0-b141-54bffe966ea7,9346.46570764,62263.8442402,9.61984873082,1361.96595591,2561.96595591,1.0
TestMissions,69.9565899339,86.4562181228,137.164879326,ec4c2562-07b5-4433-8738-6b33982e2256,9186.35003807,50965.9450428,5.55627374432,908.536726718,2108.53672672,0.0
TestMissions,42.6936594406,46.9654574892,71.6165381529,4f628e0a-59d6-494b-b67e-a2ca968bc033,9425.49550101,90659.1845267,3.12099770188,2303.48123151,3503.48123151,0.0
TestMissions,64.62850475,119.720735482,218.191429944,14f10c6f-dc8f-4866-ae3f-3c72266c60d4,4603.81101109,57274.2967371,5.61606714487,1066.20798143,2266.20798143,1.0
TestMissions,46.8267642855,66.9804135804,125.63098362,88cde095-ab7c-4d9f-80ec-fc71fe17c814,1160.95341625,46598.9712409,6.25434925221,1175.13540925,2375.13540925,0.0
TestMissions,38.9154020004,6438.86667733,8271.39868499,45bef949-4337-4c53-8765-b403a4ba52a9,8681.02382652,158110.288216,8.58256463599,4242.92316381,5442.92316381,1.0
TestMissions,53.3864627109,46.6143335313,114.638407759,d8c7b9a2-1994-4de0-b6f3-12220859e075,1093.38582159,34023.990289,1.81022156221,817.31494018,2017.31494018,1.0
TestMissions,42.0448241328,33.8136262138,57.796676619,b82c70fc-d3d1-4e18-b65f-0cdd0455f42b,1596.18427353,63124.3396589,3.58251516771,1681.3581567,2881.3581567,0.0
TestMissions,60.9529663596,244.328855882,482.904037142,5e97aac4-1226-46d8-be5e-e1f4a89309f9,4271.53252588,51680.6581076,4.22264246623,1027.87765378,2227.87765378,1.0
TestMissions,62.084768859,144.313605689,218.384559382,33524e3e-81c9-4374-a755-2a52f91fe224,4112.66468889,127189.209573,7.08118205536,2228.63788511,3428.63788511,0.0
TestMissions,71.7778520536,249.945021202,348.753610014,7eabeead-4c2d-44a1-baa5-f86bcf69af7e,3585.81238825,116426.053798,4.4307056541,1802.03312675,3002.03312675,1.0
TestMissions,61.1064799594,466.40311801,665.380741662,d1c3678f-bdd5-4e2b-bc27-a423d9dfb44a,8441.41210624,119075.592734,5.73744004933,2128.65737337,3328.65737337,1.0
TestMissions,57.8083972201,122.865560967,186.2778577,0595d0be-bd74-42d7-9a44-e16b8fceb266,7193.96242842,90644.0600472,1.60340986428,1748.00853174,2948.00853174,1.0
TestMissions,36.6844876006,186.870627208,260.795784675,81012294-e8d1-437c-8c44-78a40a3be45a,154.410648502,112376.735279,3.12607772178,3243.33119608,4443.33119608,1.0
TestMissions,74.1276289102,69.1993383942,341.585276666,54eaefd4-67f9-46b7-ae42-04e5339e232e,8656.53720098,10469.7194261,7.59929035993,321.239097757,1521.23909776,1.0
TestMissions,41.9089268775,134.971996556,225.286310897,7352fbdc-5c8f-4e4b-808c-a134b536b50b,3406.41975963,189311.721306,7.91025368578,4697.21710411,5897.21710411,0.0
TestMissions,66.6908976213,363.847571295,480.41074659,74b1f500-9ffc-4537-9aaf-fef6f2ae3bcc,1896.77544786,160487.741535,4.31857818196,2586.44146741,3786.44146741,1.0
TestMissions,39.6994177816,110.083103992,207.56276223,982092ab-fffe-4635-9d1e-a09cd5db32e7,1484.78906752,82800.1992454,8.26731557389,2265.67792356,3465.67792356,0.0
TestMissions,41.1021071169,30.8778779198,99.2930367447,9629300e-c67d-43b0-85dd-740fb31d0f93,4483.83336999,16563.8902663,1.55207343515,582.993701008,1782.99370101,1.0
TestMissions,53.5200981484,1073.32789996,1437.03966607,1b1c2ccc-1405-497d-b9c6-00be4f4f5b38,5383.95154813,151181.158487,4.76184006403,3004.75488119,4204.75488119,1.0
TestMissions,46.850237866,3287.38494568,4936.96323845,6cff1274-2355-451d-8219-bb1a8b59f444,1638.90372873,100023.196784,9.72865920779,2314.95600747,3514.95600747,1.0
TestMissions,79.5248569596,160.656055797,413.100188854,4acdce07-89cc-4e2d-890c-06acdb9f48e5,1904.68445601,33670.5024368,4.98327316762,603.395950953,1803.39595095,1.0
TestMissions,31.8547077652,662.239294948,828.872771856,02c3739e-5e3e-470b-ad19-bd4e2ac3ec43,7160.08402579,150455.631742,2.56231476291,4903.1835511,6103.1835511,1.0
TestMissions,44.7651632286,3419.29609282,4582.55675184,802e757a-5a95-4e82-94c0-c7937e8f1de9,5404.6804453,142939.954931,8.01283949073,3373.10697476,4573.10697476,1.0
TestMissions,78.0870243883,223.446976366,322.413455104,e34f5cad-60a0-41db-bdd7-8d11be0cd25d,1174.26602237,146120.02267,8.33805746422,2051.24588002,3251.24588002,0.0
TestMissions,31.9555346795,256.416821372,336.243872783,a1335c7a-b3ca-4d67-ad00-63170a2fc19c,3087.53316945,121237.649616,1.57682560049,3973.94839835,5173.94839835,1.0
TestMissions,64.6330405591,117.708198168,165.867906924,927ed979-6eba-4172-9d97-39ea258bdc2b,3205.9615821,118566.396811,5.54530720154,2014.45488229,3214.45488229,0.0
TestMissions,35.2651228118,120.429178938,210.040363149,16bebb29-ad53-40b7-9eaf-82182d43f5c4,5623.25501422,53908.416368,2.66059670324,1708.66095648,2908.66095648,1.0
TestMissions,40.7430692978,42.8667967115,87.6213917441,f7f18ddf-27f2-404f-930d-5ae9871689a8,1417.42639475,19803.3168875,5.34607193817,666.053633877,1866.05363388,0.0
TestMissions,42.374696935,38.4555741478,59.0741421754,71c1bad5-bf8f-482d-ba6e-0db41f94f331,4519.10431193,86820.0439516,3.03492940013,2228.86524816,3428.86524816,0.0
TestMissions,56.3643301245,196.809981131,284.941471587,1a9203a8-bfef-4f29-b40f-117fada60ecb,4063.73609556,109581.222606,3.76566104368,2124.15905172,3324.15905172,1.0
TestMissions,33.8731842265,110.52298349,187.578159723,f24ee96d-edd1-45da-adb8-23b311f90f1c,9298.15274634,198227.401535,7.14395472715,6032.04509295,7232.04509295,0.0
TestMissions,46.6879585833,98.658853773,158.239645171,9258b6af-c038-46dc-b44c-6917f4296719,444.780543122,144897.373257,6.31998096243,3283.52771151,4483.52771151,0.0
TestMissions,62.3681873556,123.019167508,198.404819112,85029437-2ced-4291-9f86-f7fbaad1b87f,5631.54447646,86649.6564459,7.12547921436,1569.32459191,2769.32459191,0.0
TestMissions,70.0767884847,368.291738084,517.564628406,12a031b4-2726-4a60-97b6-0317a9447080,3664.01715672,120064.251748,6.1390416933,1893.32411693,3093.32411693,1.0
TestMissions,48.1824633746,546.296160822,1045.89402611,cde457e6-cb57-4f9c-8efc-513f30ad8c53,3926.36403088,54349.3202523,9.4706143648,1307.98965528,2507.98965528,1.0
TestMissions,76.7147041464,181.756051843,202.90150974,dae50c4d-e4cd-4870-9783-4a8b513bb74b,1187.77700363,193020.414053,3.28439143621,2696.08105904,3896.08105904,0.0
TestMissions,62.8669046857,71.8773875233,107.397524375,5281515d-a076-4aa1-a77a-85e9e70bd1c0,754.93362261,74664.1797194,4.66274062371,1367.65477786,2567.65477786,0.0
TestMissions,42.5014777405,754.118700898,965.856728988,d89eb36a-46c3-457d-b8a4-d9c0dc3c34d9,4261.89420943,166805.595945,2.38250177417,4104.70108835,5304.70108835,1.0
TestMissions,69.5983928891,521.862681017,645.300823702,86ce1ed2-cbb0-4a17-b7b9-165ac08a0508,8254.7181059,190185.706369,1.75611602593,2912.61635038,4112.61635038,1.0
TestMissions,69.3808889206,191.099111874,286.668051044,b43a5c9e-de92-4696-b90c-30b0c5efa110,5756.09814351,130535.704782,8.1254194886,2061.43603827,3261.43603827,0.0
TestMissions,45.5442182827,52.3900961114,86.7084040253,be4b9a7d-d7e1-4422-b1b5-420d54a75969,2392.10483619,79357.3806266,4.5240140654,1922.42491405,3122.42491405,0.0
TestMissions,30.8668983721,6522.19864849,7942.1111075,3cbf3749-9312-4fd3-97ba-07872b799b8b,8226.73319245,176663.004775,9.8850291392,5903.38051739,7103.38051739,1.0
TestMissions,65.9712521024,47.4667516929,62.4611369688,5bdef691-426a-4697-baad-39fa29b3fa81,4998.60518066,57248.8687897,2.02515093999,1047.78508767,2247.78508767,0.0
TestMissions,30.7449329606,60.955602063,101.657896925,ce58899e-bf3f-43bb-98c9-0647fcb0dc8b,4899.21123205,176165.758268,4.96161486739,5909.91193357,7109.91193357,0.0
TestMissions,63.320774204,60.581466888,108.157564664,1abc2eb2-e8ff-48ea-b8eb-0a0f9c323ae6,2621.70457032,32669.7530952,5.51803848069,695.940518825,1895.94051883,0.0
TestMissions,54.1229710914,83.1146575825,147.183542401,39348566-2491-4e0a-929f-71d57518a53d,7348.33004426,53965.1810872,6.45840121547,1177.08460195,2377.08460195,0.0
TestMissions,50.0605497944,365.113705856,461.369756665,9f211619-e0fd-4d79-a203-d8ae21e8fe26,7597.52820281,191168.896418,4.35257102481,3998.75343366,5198.75343366,1.0
TestMissions,55.3204930092,183.961194781,315.025704822,f00499e5-7160-4db0-bf27-457704b116ea,1971.0576937,130006.178203,9.67443946163,2530.05458432,3730.05458432,0.0
TestMissions,47.0476751487,1224.14321992,1585.84279027,6057f5cd-d2f8-4d13-b50b-793fd9121669,9280.76619902,168086.186157,5.0843393055,3752.67783425,4952.67783425,1.0
TestMissions,57.1734314085,199.369063971,304.776245716,58e68c66-a19b-4000-9aaf-d19ced3afbc6,4881.56850749,192673.174037,8.58244168668,3549.97744039,4749.97744039,0.0
TestMissions,62.9221911368,125.012510678,165.879687617,449511d3-5740-43ee-967e-1216e78eb5f8,328.580462508,158930.898255,5.0842278872,2705.83222841,3905.83222841,0.0
TestMissions,48.4584290052,10414.9706974,15960.6265824,4b2891fb-31fc-4acd-b0ae-8aaf933610a8,9928.34835398,93978.3667738,8.76087033884,2119.36057572,3319.36057572,1.0
TestMissions,56.9650172175,154.738795745,255.953106194,7d86f0ca-10cd-4590-94a9-dd687bbeb36a,3965.74439416,118813.577973,8.40755189936,2265.72881702,3465.72881702,0.0
TestMissions,78.7322700742,29.5479972544,47.0668111452,7812e1a1-8d63-4eea-802c-b83173218a49,7040.57331413,19889.9198104,2.1727922455,432.627287282,1632.62728728,0.0
TestMissions,56.2235122899,76.4862984046,139.049309163,5ab553b1-30bd-4986-a54c-739ca0d4045e,5457.76014333,41559.338924,6.41042035642,919.180766753,2119.18076675,0.0
TestMissions,60.5660892355,127.41720218,230.177335199,fe385ada-f732-48ba-9e1e-c26656085ded,3923.75126224,55193.0207639,8.47721162271,1091.28586079,2291.28586079,0.0
TestMissions,56.9552663156,185.397426345,391.018480625,2a1328f6-3d79-4dd6-ae08-bb6b27bc1205,7957.61723,44788.3649517,5.54037075889,966.377939198,2166.3779392,1.0
TestMissions,32.4242066981,1500.01659859,2189.17149542,9d358d0a-7833-4b5b-a16d-5eb84a8c7b0f,7280.58143378,86988.680942,8.56542908425,2862.83143368,4062.83143368,1.0
TestMissions,54.9553500928,100.977760283,156.543816757,ec97de00-5618-4041-bba3-bd32e43c8976,4518.31571676,109351.747635,6.00260939664,2169.82896934,3369.82896934,0.0
TestMissions,62.6167356535,67.3328880817,126.438889011,7b062b85-bfc9-4a86-a8af-da40558367ed,9437.01878293,23801.4660715,6.10394063648,560.113492392,1760.11349239,0.0
TestMissions,32.877115871,16.3950364121,34.2608811474,fa1850f9-f04b-47eb-8838-58526d597b9f,3507.00847389,33172.3464547,2.73380438769,1188.97982003,2388.97982003,0.0
TestMissions,34.8860727301,1733.82963273,2176.21586948,c189b005-c63a-4423-9fb6-67ca316e51d2,1601.97760557,165674.883364,6.69322032646,4929.02648533,6129.02648533,1.0
TestMissions,39.4655905775,50.3506477497,138.106452914,9f4c20cc-5f5a-48f9-bd80-9cd3106d9d49,531.652037273,25397.5211724,3.09370638968,823.53581945,2023.53581945,1.0
TestMissions,51.0360275222,67.7862946457,89.8065978611,84900d7f-ea51-4266-8e9d-95cd21996db6,5178.73550108,125369.241336,3.16657671586,2636.48510322,3836.48510322,0.0
TestMissions,79.7065517768,69.8742424491,108.681793861,1001f610-88c2-4216-ab25-eebdf37443eb,327.417296968,41095.0195513,4.92913897626,695.578940944,1895.57894094,0.0
TestMissions,63.5482326011,45.3879151645,87.2886125279,86c3de02-e1bc-45b2-b6e6-05a234aa5c37,942.45549191,17192.3737791,5.14976680876,450.54054968,1650.54054968,0.0
TestMissions,58.8171760182,36.4213134419,81.6960139121,070391f9-3548-4d4f-90df-f233832ab966,2930.96500154,33560.7408314,1.08900805434,750.594222699,1950.5942227,1.0
TestMissions,54.0617032618,37.8046323071,96.1580612923,02f93622-42cc-4bbd-9fb6-ab87e2386603,3915.18274994,26037.4798975,1.00330980468,661.625223152,1861.62522315,1.0
TestMissions,79.7567584039,241.955067526,649.151561629,ae64d4bd-5f0e-4983-9532-87e4ea177346,2561.04487455,29727.096084,5.13414132272,552.721969634,1752.72196963,1.0
TestMissions,55.2372168139,167.610829294,259.541068112,88243b7f-f43f-486d-9bff-0e30c2db306d,3777.7177344,173134.643271,7.98213433955,3314.38390378,4514.38390378,0.0
TestMissions,64.3969088433,75.3910372378,98.0412054005,4757b43b-0b2d-441d-a922-94380e55b2fc,1839.95693289,95971.7588146,3.42881399158,1670.31623627,2870.31623627,0.0
TestMissions,65.1845969806,555.544907201,1016.24838088,2d726f16-1e89-48c6-b85f-c7da91c32f08,9916.29441178,60848.8825009,6.49186906488,1113.48559812,2313.48559812,1.0
TestMissions,30.10925898,2633.54367871,4103.96956655,caec3007-f369-4731-9834-2241531c1ad1,7907.64225767,66969.7882779,8.90310427879,2404.22572148,3604.22572148,1.0
TestMissions,39.3706088083,1301.724279,1675.95812677,78fc6680-65f5-4b21-8322-ab4c84e6b42d,3557.02514934,157759.027966,4.78919254631,4187.02536082,5387.02536082,1.0
TestMissions,68.7506026453,138.046937942,150.809742386,41ff29a2-e071-4d25-8f8c-c0c2707bf39c,4413.73749666,175293.328238,1.09859894601,2729.69878798,3929.69878798,0.0
TestMissions,31.3827513277,21.0007355121,31.903854937,a14c2039-e6df-403d-8474-90b9bfcc2688,3144.44774351,98560.5359564,1.18486253025,3320.59576635,4520.59576635,0.0
TestMissions,72.9632420626,136.234447777,163.069097023,4d9ceb15-17b0-4609-a3aa-13f278c8f61e,2256.2196159,144486.506966,3.85003358692,2160.26434793,3360.26434793,0.0
TestMissions,47.9103661019,1549.86388398,2126.83097279,8fe8e0f5-eba3-4a2a-a7b1-7989f93cd501,1978.29530536,135639.743239,6.98782421255,3011.114731,4211.114731,1.0
TestMissions,77.3945420627,81.1762942444,660.937674456,d0b3b6f6-a3e4-4417-a47c-880c7f246d88,503.416685675,11676.8218038,9.1999489881,330.873969825,1530.87396983,1.0
TestMissions,55.5864932385,258.698466539,631.873723176,b6f1f908-e4ab-425a-bd90-921c1dea5336,2724.21407435,35449.2469465,5.95688701519,817.731306316,2017.73130632,1.0
TestMissions,79.8623337052,726.887821326,937.901335634,314b9a36-4d78-457a-aeb8-1ec97b28e744,5670.88484103,152776.076732,5.45524748831,2092.99289219,3292.99289219,1.0
TestMissions,32.002366315,736.727900362,1065.2911777,a535b0bb-a117-4823-9c6b-21c42f818551,4811.64225057,88124.2193735,4.63651213793,2933.67822824,4133.67822824,1.0
TestMissions,76.0175546271,194.630256155,213.550144756,edd7db4b-b3a1-4e74-9359-f83af4a78b21,7746.54796745,184366.35484,1.19454285868,2605.31288653,3805.31288653,0.0
TestMissions,73.109079199,122.129633893,179.211064428,8234ece9-a173-4559-93c3-013801d7aecc,8860.28885387,78117.5578318,5.99128121703,1248.50693084,2448.50693084,0.0
TestMissions,60.6663572433,618.444954806,880.453315151,3a96039e-5996-4bc3-98b2-9b9501abda3f,9264.26396318,122429.99929,8.80265383724,2198.0872044,3398.0872044,1.0
TestMissions,54.6905218597,76.494839553,140.940203224,3c47662b-7a13-4233-a19d-2cc814639338,8928.78141229,54915.1274272,3.43982635062,1184.1068463,2384.1068463,1.0
TestMissions,55.2661574141,662.927703864,931.384578276,3bb87d12-edb9-44e8-be64-f9f4373cd9ce,1930.82841768,131876.529442,8.61178107315,2566.2076832,3766.2076832,1.0
TestMissions,43.3325217088,105.315583362,163.795323163,34b0c1db-660a-4628-a061-4ea5357ebe39,5065.71639074,178009.649472,6.17237711582,4287.99192966,5487.99192966,0.0
TestMissions,40.9190861946,479.633628817,680.110224316,bbebd694-56e7-4e8b-9c00-252a5fb812e5,9029.2754196,111493.371032,5.29679562958,2904.72778356,4104.72778356,1.0
TestMissions,67.6799812629,89.9262249307,136.098208935,045177c5-b149-4b47-ac6e-fd39adc3c6aa,763.554112032,75490.1318521,5.4567027668,1295.39823805,2495.39823805,0.0
TestMissions,58.8847084445,181.334588788,297.638823692,393deaf6-e8f2-44a4-8b30-b386dea8d913,4292.31493995,131379.321552,9.05617663744,2411.12799609,3611.12799609,0.0
TestMissions,51.3513769155,117.06655992,189.45966682,9eb4c182-c5f1-4720-8a09-9ebc4015d433,3331.76672616,126452.521225,7.00359933432,2642.49524005,3842.49524005,0.0
TestMissions,48.745044662,185.781794981,243.169406251,3843b20d-c7ae-4935-8922-c5d9b7adb6b5,5356.96034406,155481.130235,2.15951137641,3369.68074217,4569.68074217,1.0
TestMissions,39.2260808122,2956.76823689,3669.58484862,ca64c871-790e-46ff-9783-452defdd754b,2213.64303282,189686.511735,8.59273171929,5015.72428872,6215.72428872,1.0
TestMissions,32.592271661,899.247221757,1483.65597894,6c0ae2c5-1ef5-4caa-882b-09c158ffdbfa,9387.4821476,61219.302937,7.3582293287,2058.33801749,3258.33801749,1.0
TestMissions,58.5982557684,1003.22869601,1340.04689866,53bde0b2-7bcf-42e3-920a-7e7252f786e0,6371.9196081,154386.921589,6.8231544517,2814.6675266,4014.6675266,1.0
TestMissions,50.8532325615,746.351871596,960.002668829,7c3a3d77-6d91-4d06-a222-d4f9045cb142,4619.78227663,176988.001314,5.08235694524,3660.36874746,4860.36874746,1.0
TestMissions,43.9325038096,53.4834049727,78.6469445161,345332c0-dcd1-4ca9-b061-79ba81cf2d67,4286.87924963,115346.967474,3.58879795411,2805.54959248,4005.54959248,0.0
TestMissions,42.2438755234,31.9836707609,51.3110553173,747c4b72-a9b4-4376-b886-0105290bc7ae,6797.36700097,66509.930852,2.60649234692,1754.42777273,2954.42777273,0.0
TestMissions,73.1575681944,140.39739014,166.542544452,252c7858-d84d-4b70-96fe-0ffe718a199a,6558.86595333,136466.288323,3.56225052358,2045.37485718,3245.37485718,0.0
TestMissions,50.7135621193,86.7752347862,171.222601356,22266a7d-92d2-445c-a485-0fe91589548e,5379.05834469,23394.5187881,7.59580472266,641.306952429,1841.30695243,0.0
TestMissions,48.7220876378,41.8063544563,51.0606357494,abe19ee3-ce5d-456e-ba2c-e85d33e03141,159.025223912,114724.384736,1.42597204935,2534.66890476,3734.66890476,0.0
TestMissions,30.772970897,46773.6081098,57299.1658652,34accc2b-7feb-4bb0-a413-815f47e49faa,7287.50579915,168151.617173,7.39058749878,5644.26335423,6844.26335423,1.0
TestMissions,56.712139309,95.4184974042,115.640268882,cf62285a-beb2-44c7-af8a-d2e8975683db,5256.82589979,157684.80555,2.92035098265,2960.44185022,4160.44185022,0.0
TestMissions,68.9895951554,30.716377252,48.7657860154,7e54868a-f8c0-40dc-8e96-b3a750034ecc,2347.25388201,27231.8626223,2.84227041205,574.724198062,1774.72419806,0.0
TestMissions,53.5858090309,146.509746781,255.425924559,d9a35967-b22c-4a77-b79d-500b044cbe0a,2315.2602793,102342.976677,8.76504465952,2089.88954964,3289.88954964,0.0
TestMissions,64.9473959417,59.3281105032,85.1743103479,f7cbcfa1-d69d-475e-8699-167ab797be09,688.061904485,116336.117869,1.63459800083,1971.23606392,3171.23606392,1.0
TestMissions,60.7443928658,223.500186166,300.394850186,115c0c2a-a41c-47dd-9ac3-4d6a81211216,7870.58908534,140863.505601,1.92737093012,2498.95486901,3698.95486901,1.0
TestMissions,59.075587108,92.5946748606,104.107584431,ed91ca88-9e9c-47cc-b1cc-b41dfd3456b5,674.525699599,172791.369148,1.90032916977,3104.92004916,4304.92004916,0.0
TestMissions,58.6565260244,69.8670525667,403.17804309,35e00e00-9202-47ca-807c-29f65504b386,978.628135793,11838.9889633,3.31610535033,381.835835937,1581.83583594,1.0
TestMissions,55.9428364869,22.2069560195,44.6619060933,2d535c15-a10a-4ca9-9b8d-d48883a9f4f5,948.459539831,14041.6625347,3.44025704948,431.000189059,1631.00018906,0.0
TestMissions,51.9036539013,37.436674291,105.461587463,7762b75b-8a4a-4b9f-bec3-9b64cc8d9620,4537.30194311,21519.3543548,1.09250612664,594.601915999,1794.601916,1.0
TestMissions,57.5632686907,2471.82320163,3403.27474491,d1ac2fdd-cd2e-40d0-8308-56877868d21d,8231.33147828,137856.191021,6.42046939387,2574.86384558,3774.86384558,1.0
TestMissions,76.5486527212,891.661702834,1124.55273072,fd0c25a0-c01a-4b2f-9f1c-b05d57688e68,7533.16257793,173276.058942,3.66824888688,2443.60690596,3643.60690596,1.0
TestMissions,49.5342164967,1706.32191203,3258.49440392,82a31e9b-f0ae-45dc-a7f7-dd892c2f28b6,4349.5694807,55399.5070508,7.79909908648,1298.40886904,2498.40886904,1.0
TestMissions,44.967148416,47.3676984668,81.117873688,809f37bd-1e64-4574-b825-33bb1c43f921,3296.01437168,65935.9074892,4.44871322757,1646.31284864,2846.31284864,0.0
TestMissions,78.7691234872,310.490996019,410.572284278,9f3f53fe-d842-42b3-8686-739515807351,6841.19296486,126438.834462,4.19053187999,1785.18270186,2985.18270186,1.0
TestMissions,43.543393582,294.020288581,542.619280476,0123528e-3f2b-435b-baf5-f1eea5a7c21a,6612.61486392,55810.9945863,5.13600077691,1461.73277265,2661.73277265,1.0
TestMissions,66.1412233206,237.28554891,445.677265684,0b17add8-dd0b-4c50-8efa-6cf0c346cafa,6520.78792428,55718.9880155,5.63902055286,1022.42451558,2222.42451558,1.0
TestMissions,55.7890129562,146.95802153,223.010164023,9f888670-3dfc-4855-afc7-4d7e06624496,5846.47003499,153188.176195,7.15704913624,2925.84847585,4125.84847585,0.0
TestMissions,51.7120688392,94.816454679,439.977108809,ec0d1103-a900-4804-8b1a-f1a8aa0e51e8,7124.6050466,12198.8832084,8.16442117764,415.900119299,1615.9001193,1.0
TestMissions,69.2879678867,469.425424284,617.089521758,9141471b-92b7-437b-99eb-3f45cc48fdcf,3975.55280187,155311.286275,6.14270300539,2421.53328511,3621.53328511,1.0
TestMissions,50.9047697967,54.2334493858,102.585231786,b2b27c07-3c50-419e-816b-d69413bc6c61,4554.15747004,31927.307761,5.52668399843,807.196781137,2007.19678114,0.0
TestMissions,78.285949482,736.119671476,944.232412858,dae549a0-2077-427b-ae8e-4f12e89a9422,5359.04955608,161556.845527,7.19934838073,2243.67613341,3443.67613341,1.0
TestMissions,31.3573511107,1036.67684773,1265.3651175,d041b5c9-f9d7-4dc1-b5e8-1be183af365b,8582.8517637,177605.224069,5.07943848904,5843.91030422,7043.91030422,1.0
TestMissions,55.4570390434,434.343096806,604.499377795,d7c76e80-14a2-441b-97ed-0f155dd5d81c,516.297341223,160212.164268,5.4839099665,3068.94190947,4268.94190947,1.0
TestMissions,76.3481795235,138.641475759,205.567133758,0845c7dc-7443-45c8-ac48-08688387f3cb,2241.29222983,89236.2346648,6.71950762535,1348.80631892,2548.80631892,0.0
TestMissions,58.4695130139,710.202550084,969.534656009,1d75b8b8-df07-4513-afd0-dfeb26f11fc6,9879.60265316,140876.093151,4.93685878215,2589.39398824,3789.39398824,1.0
TestMissions,77.1512568971,90.6070392989,119.898268281,fc0d7034-3d00-448b-ab11-76ad32a9792a,545.509489578,78722.5404618,4.13287967609,1200.36627306,2400.36627306,0.0
TestMissions,54.8489012998,97.3730246421,133.948030986,b2ea4492-5ee5-4c1b-94dd-eaec4650e307,4642.28474845,141338.284067,4.64136187459,2756.86627658,3956.86627658,0.0
TestMissions,42.1608202158,717.97723518,960.473404908,887224bb-a2e2-45dc-ac53-9ab903ac2a16,2649.66297425,140589.588344,5.8276917656,3514.60278108,4714.60278108,1.0
TestMissions,55.1609198427,162.348146401,259.652746326,7c39fa2f-8294-4dfe-84c3-3b168a210919,9186.84493632,135924.038377,8.15306847337,2644.13654386,3844.13654386,0.0
TestMissions,73.4292079694,141.093309532,302.634300164,6432cbfd-f235-4fdd-ae77-1a9bb717dd76,541.208632622,70105.9802339,8.02723486823,1134.74242706,2334.74242706,1.0
TestMissions,32.1830579122,1159.43823037,1455.55183473,25184f85-181d-4380-b0a1-248b0959a761,8263.14462157,159552.270697,7.59356297069,5137.647938,6337.647938,1.0
TestMissions,37.5173954997,62.5969793619,109.36184731,a2ffbf8f-ea94-4e23-a6e4-f8a5531329e8,8272.90910098,95187.3693465,5.30579803007,2717.15291477,3917.15291477,0.0
TestMissions,33.1100474498,9.80003669786,20.8636187716,c68a4db1-4d7e-4145-85c8-5f5eeac6cd92,3254.26835378,33227.8538692,1.20884812854,1183.55802629,2383.55802629,0.0
TestMissions,64.7472755644,1965.84293646,2533.59556919,85491018-9074-48c1-bdc8-c8b3e1ce2f82,9003.48023119,178800.807592,9.26452796719,2941.51862814,4141.51862814,1.0
TestMissions,74.718075857,119.453900742,138.648227512,b04915b6-92ac-454d-8837-7d1c1684b36f,2773.95099042,125505.504401,2.96824839276,1859.72077655,3059.72077655,0.0
TestMissions,79.5727617865,44.1064357128,57.1780159759,eff87b64-3778-4306-8dc1-c840fb0f623c,1044.1333089,40615.8074919,2.16546232066,690.423498947,1890.42349895,0.0
TestMissions,50.9797328578,97.8707274895,128.390903326,a9bda0ff-b938-4f27-aaa8-dd90b6ac21d1,7474.17653397,168233.792379,3.97079299557,3480.01321992,4680.01321992,0.0
TestMissions,46.1779412314,108.429173657,426.377349505,e6eaabf8-3964-44b8-b8ff-6ef0dc4aa124,2983.57342504,15047.5336759,8.22557244252,505.85977795,1705.85977795,1.0
TestMissions,72.2720012618,221.233132828,374.681100289,d5aa6ed1-b5c3-452a-84a1-5e482e6f82c5,519.606779723,117238.603263,7.23238020902,1802.18564888,3002.18564888,1.0
TestMissions,57.5757675081,177.416850255,259.919728066,282b7b0f-e00c-4b61-b7b6-f252541c8484,8130.4968498,179366.09237,7.45087212092,3295.30527744,4495.30527744,0.0
TestMissions,47.3121333879,124.087977737,405.814765795,f8fdf21d-ba33-4aed-9c07-c2e42a6ad7a2,394.908921813,22730.9118874,8.26871075933,660.445717825,1860.44571783,1.0
TestMissions,44.9100295633,28.2678676077,55.5006910618,2ea1bdf0-9ead-40a7-b0d8-18a500a45f4c,9192.91918348,26663.0964875,3.48914941036,773.700265772,1973.70026577,0.0
TestMissions,70.1793080283,198.434645221,301.438521124,e4b904e5-d902-435a-bd36-6b961b5e6a58,5816.50248823,88646.8824161,5.95205170405,1443.14842518,2643.14842518,1.0
TestMissions,76.7146589488,216.529622927,271.445822958,1e04a68e-3497-46b5-b7d4-dc9018175508,7956.98300972,120752.22096,1.85249540322,1754.04363931,2954.04363931,1.0
TestMissions,44.4912858368,76.6718715789,114.534372233,b6b734e6-86de-4707-9269-558f8e024ab6,2941.23955903,150288.777046,4.79715966846,3557.9373695,4757.9373695,0.0
TestMissions,58.4819968294,1117.24084251,1555.38688178,e811b9aa-da22-4bf6-b31b-00114af20716,7473.21415503,132386.01394,7.38684624741,2443.70543273,3643.70543273,1.0
TestMissions,42.1939259582,163.432921754,282.481298775,d68a5d49-030d-41f9-ae04-b8e5764ce51f,953.084079585,195829.289577,9.2034462955,4821.17251784,6021.17251784,0.0
TestMissions,58.9457978496,342.493742928,1141.73604673,e601d672-08d7-4a3a-9161-ee81579acce6,4663.27904125,21937.0240883,6.03954745255,552.155859936,1752.15585994,1.0
TestMissions,62.9256281163,3127.98649126,5158.16749923,a5f4f673-1ab8-4f37-8d49-6fffc2a075f1,6209.19174911,80124.6441396,9.96926029143,1453.3229137,2653.3229137,1.0
TestMissions,65.6662239226,123.366333305,139.79485827,e954dd4a-dc05-43ad-a015-6518a954c5a4,1542.15347347,177438.464273,2.66487454886,2882.12681152,4082.12681152,0.0
TestMissions,55.2638073383,51.6032508275,93.0441705241,04473646-46c3-407f-8506-290b3c91dfbc,7795.23453815,34685.5981955,4.91968201513,807.636781939,2007.63678194,0.0
TestMissions,49.6240451879,139.133198498,183.033228429,a31465dc-5fab-4f65-8503-564b783465d7,5540.30080655,147796.35705,1.47519475475,3158.32142645,4358.32142645,1.0
TestMissions,59.6043811472,44.9769754969,59.010483683,bcc1326e-6c40-4baf-8329-475992364b64,5388.51636202,67111.780576,1.36770290143,1305.9538189,2505.9538189,0.0
TestMissions,37.0447076541,11.6478424034,22.4456920034,9a42de4b-1654-4b82-b980-550117633637,481.029381479,37494.0427739,1.76691260203,1192.12953613,2392.12953613,0.0
TestMissions,42.1325864154,43.5256963852,70.9979640419,322fcd9b-366e-4dfd-91f7-c12e6a23af96,792.991711238,87661.7509911,3.95721057941,2260.61641711,3460.61641711,0.0
TestMissions,48.2525462278,413.797867073,527.335588561,caab8b82-7f8a-4d3a-912d-662fbed95ce0,5272.49106874,177975.370442,1.68600690992,3868.41407045,5068.41407045,1.0
TestMissions,65.7919922306,1003.32032596,1882.75256429,34369ebe-1a54-4640-8186-ea2b2eb97a46,6019.81000727,58351.4541767,6.14392709368,1066.90815095,2266.90815095,1.0
TestMissions,45.5740656618,1258.69088268,1776.70433046,f16a9aed-ccbe-4a6c-ae3f-76a9dbf9e9b0,8093.14898825,118354.506985,3.95705483842,2776.97056355,3976.97056355,1.0
TestMissions,78.640263959,187.320495984,299.655652327,a0617798-85b1-42b2-ba91-a375a0992eaf,3340.40190375,85543.1851033,8.90000481491,1267.77845847,2467.77845847,0.0
TestMissions,56.8389661962,115.768345465,150.796281548,dba11456-5d8a-49d5-8642-585fd84f6fe6,3425.59178113,147659.892894,1.75335518302,2777.86380323,3977.86380323,1.0
TestMissions,73.5023863243,220.692901578,323.204771837,0bceed3a-e1ce-4e24-b173-c8199e89f3fe,5976.65072743,141237.974672,8.43937333574,2101.54271086,3301.54271086,0.0
TestMissions,50.9234410699,91.6125114235,113.68566441,394d346d-2864-44fc-ad05-3f36894d49c9,9555.8999607,163355.839451,2.66033894802,3387.87118897,4587.87118897,0.0
TestMissions,58.2553054346,60.2070319031,80.5196813267,cdc51340-a7fb-40b0-a9db-02f66840ac60,9247.44708629,80180.042491,2.30111460306,1556.35605706,2756.35605706,0.0
TestMissions,65.2880864729,406.018631928,540.41527681,0900d109-ac75-45ff-9100-1a2867ba5a1c,7168.75203315,149626.139354,6.55627795331,2471.78319411,3671.78319411,1.0
TestMissions,40.8219532048,120.009040978,224.731775565,c4b7acc2-d1d5-4aad-ba2e-0a9884a4017c,2678.33058212,87365.2811504,8.57867792672,2320.15436038,3520.15436038,0.0
TestMissions,33.0167327815,67.9436491681,139.375616688,fd15da66-cbdb-44f3-b2f8-f0917d6810bc,3377.03649508,21247.8935333,6.95083351104,823.549247404,2023.5492474,0.0
TestMissions,40.9539062288,295.222628641,458.227073545,40a80bd7-9a62-4a30-b748-e8d9c18dbd40,9213.78608117,82815.6733206,3.94544100528,2202.16786984,3402.16786984,1.0
TestMissions,55.5695397077,323.685808296,551.113639112,3e75ed9d-3ba6-4474-a075-e561ee773947,4861.3770519,72251.2899751,5.48211355125,1480.19594107,2680.19594107,1.0
TestMissions,74.0004446879,275.598783885,392.212936811,51e3fdd4-ae1e-4ff5-9069-fcebeb63a581,5259.93583589,187399.71205,9.05780173225,2712.4133232,3912.4133232,0.0
TestMissions,79.7493391205,150.921624437,255.096828402,29721bd7-3afa-4fd8-824b-048ed84e2d12,8168.16015826,49807.8176694,8.48236631607,804.554613476,2004.55461348,0.0
TestMissions,65.5208910319,148.891913053,236.966587784,98d981a7-a4e8-4df8-8d08-f1e545ddc5a8,1641.76723984,105731.107844,7.82472976801,1793.70070185,2993.70070185,0.0
TestMissions,41.2923459614,21.8221923286,47.289933478,b4349a9c-77a3-4c8e-aaf7-3e6d26dd2f20,409.194474573,11939.4722709,3.77111116423,469.144924874,1669.14492487,0.0
TestMissions,39.2292825873,662.144584087,1363.96106307,e2c31d97-9edf-454b-b4e9-e13bfc414274,2928.27005786,42274.282074,3.22447311513,1257.62057539,2457.62057539,1.0
TestMissions,48.7482262373,78.0090868849,123.352563563,28982875-f9c7-40b1-961b-a6ab99a7f9fe,442.183694948,114253.304443,5.40428816243,2523.74280383,3723.74280383,0.0
TestMissions,38.4204696702,2796.17524401,3747.80000277,1cc96dfa-03b4-4cf0-ba66-592e10c76fe7,5331.37596249,130489.810438,3.87120170233,3576.36166759,4776.36166759,1.0
TestMissions,46.443250401,98.4926051426,168.980942188,a09b650c-c8d6-4abf-84ba-7c1eb6322478,358.634884421,111119.163365,6.94120747674,2572.57938248,3772.57938248,0.0
TestMissions,61.735759304,93.6531021887,150.635718354,459c405d-3162-430d-9064-c5605ea4f0c2,2363.95161109,75445.1354906,6.1332654213,1402.06540166,2602.06540166,0.0
TestMissions,49.3205186158,1544.20066537,2065.20175946,e29b01c5-c168-4810-a17d-7c5f582e95ba,8908.73511729,149942.232463,6.80141209613,3220.15928201,4420.15928201,1.0
TestMissions,38.6742732099,66.7882383555,111.786686717,1e922ff3-ac11-43da-bc83-a63faa456bb8,7696.25306449,113443.018234,5.19541488793,3113.29412084,4313.29412084,0.0
TestMissions,63.3961122949,189.6701648,244.94545843,ed8c1aef-af80-4076-8da7-3a237947ce93,8055.48987595,158996.595784,3.16279217145,2687.98653149,3887.98653149,1.0
TestMissions,69.0595306242,470.020767608,584.909176379,11df7740-607f-4175-a767-e628993e63d9,5389.25566161,195442.71325,5.89823232914,3010.06141923,4210.06141923,1.0
TestMissions,65.5940881973,93.3610103455,146.362751397,3d512b78-ee60-484e-9c98-6702cdf4b0d5,8942.17018824,64213.2024925,5.72091285463,1158.94801585,2358.94801585,0.0
TestMissions,61.1787309597,170.712877594,226.33658424,3a2e82b1-ce87-4c01-8956-900d76fb60b2,8275.57321866,144931.091851,2.03357099052,2548.97839458,3748.97839458,1.0
TestMissions,78.6574183622,337.842219557,431.042384573,f6b844b8-3ac8-48e0-8108-8e963383dbbc,1447.70395691,197904.679902,6.17347806662,2696.03324928,3896.03324928,1.0
TestMissions,72.3195843254,128.268990832,159.75163036,015e0795-acfe-4ff2-b56a-0dcf6818c719,6972.42568199,118686.811478,4.09254382315,1821.14344109,3021.14344109,0.0
TestMissions,63.5306379131,117.276964669,135.791752838,572b3cb5-37bf-479d-8af3-86eea52ed2aa,2237.22376047,173139.072474,2.91121362619,2905.28465259,4105.28465259,0.0
TestMissions,31.0656114778,754.798610061,1003.03683177,4a1c166b-2f6e-4c6f-9a1f-36ffa0f15d62,3630.33913448,117115.403045,3.98291287492,3949.93715795,5149.93715795,1.0
TestMissions,61.3060511536,389.966027288,732.986874046,cf0c92ca-7d67-4ef5-9ddf-cc5932a5ea54,6795.82393388,57763.4224405,5.92204837514,1122.214045,2322.214045,1.0
TestMissions,64.0778134259,38.8841836951,120.347525749,5c38a7b5-2867-4ca2-9581-a6896faa229c,896.830936152,26669.624136,2.95580261745,596.206838376,1796.20683838,1.0
TestMissions,42.8527113263,2844.51599174,3582.76613827,f381361d-97df-4a5a-94af-7b63d23c4532,5900.43740576,184055.603102,7.55532282753,4475.07486005,5675.07486005,1.0
TestMissions,73.1001741516,668.856688483,1256.40683135,a57254b1-128b-436f-b076-319f705e70c6,125.428146876,103073.170178,9.56749483667,1590.02632858,2790.02632858,1.0
TestMissions,40.1868922809,60.8825872931,123.117384129,8674b87d-4a3c-4f83-852d-8cb1416c8900,3941.34734483,22988.2463401,6.42093425052,752.033442631,1952.03344263,0.0
TestMissions,57.3101316448,378.727714939,648.151915892,126cb1ec-2c54-4d84-8306-80698343a08b,5254.81777451,71811.6898174,6.46571211309,1433.03655316,2633.03655316,1.0
TestMissions,76.4069190453,223.634692439,266.994944615,d08e4b1d-072c-44c4-ae30-11d7107ba270,5015.87942414,185005.877256,2.55528536945,2601.32361267,3801.32361267,1.0
TestMissions,44.2127474828,494.524843369,1225.87114358,7d72a48c-2d38-4998-b20b-517d8ad39aeb,536.369351242,33812.4777978,9.84670058472,944.767622978,2144.76762298,1.0
TestMissions,33.5385265917,514.608750418,787.938150161,63d1ed13-8b01-40d4-ba2c-f046be6eb4e0,2038.11281895,76895.5062194,5.4447074429,2472.75147223,3672.75147223,1.0
TestMissions,77.344473434,70.752474168,115.699509609,7292380a-0e24-4431-82e5-b1177db09156,3938.63743756,35101.6063019,5.30332690775,633.834705228,1833.83470523,0.0
TestMissions,45.1525197066,325.388654991,421.71554839,c67f5ec0-5328-4fed-8b25-a0a8747056d6,464.415634912,175305.150112,3.57437274669,4062.51090418,5262.51090418,1.0
TestMissions,67.400550481,142.567171143,269.083253293,57b4f9e7-3093-4dad-805e-c280c12d408c,3940.87074237,32518.2845913,9.47602103845,662.463189978,1862.46318998,0.0
TestMissions,75.7004538707,45.5728397754,68.5386960137,1e1bd5ce-2e97-4691-a291-e453551efc20,2955.4777495,57208.0649771,1.3993188471,935.7162745,2135.7162745,1.0
TestMissions,75.642056715,178.420581979,219.746515242,9c36d927-0689-474a-a90c-3c7f3ddd47cf,4937.22763633,154114.383418,2.41871093503,2217.41661862,3417.41661862,1.0
TestMissions,79.2834248329,1291.25811133,1621.23257485,35fdb4d9-0384-443d-b4b9-9449b5b0198c,2998.37497307,193332.025825,8.70378889494,2618.49236121,3818.49236121,1.0
TestMissions,78.126662643,25.0773459579,35.5917801215,67daf0b8-f7c9-4e73-a664-2fbbaf98de6a,2813.87662956,23558.8508926,1.18933578034,481.546873956,1681.54687396,0.0
TestMissions,51.5658201732,261.047717494,449.65835289,7ea9f063-98c8-4624-a28a-ec736b7064cc,3298.70653673,69291.9191246,4.47678522398,1523.75675383,2723.75675383,1.0
TestMissions,35.1539778809,932.303688674,1178.54747936,da1a0ee1-439a-4a3d-bae7-3ed4442163e4,8336.60072332,159902.488931,4.43831501688,4728.63143718,5928.63143718,1.0
TestMissions,43.8269583339,35.3856100549,73.5419185811,54a663cc-f5f5-45d8-91f6-66043860ad0d,3761.74696892,14707.319911,4.79708464282,515.577016297,1715.5770163,0.0
TestMissions,76.8222293409,131.208197864,174.083564619,be89c7f8-4bfb-46b4-bf8a-6d0da672a74a,2021.65396242,107295.39201,5.19917582301,1576.67115795,2776.67115795,0.0
TestMissions,44.1279251365,65.1066908549,93.161642687,4f0accfe-1a02-4271-bcf6-df255e3bfc03,1284.63273887,152185.190308,3.99914950063,3628.7275311,4828.7275311,0.0
TestMissions,36.7438509633,4011.28583427,5361.48051219,1c62f3c4-ab9f-4672-9efb-d0d73f8c7444,1285.4773957,128882.693039,7.63015908132,3687.59894948,4887.59894948,1.0
TestMissions,67.1129584557,1078.91688597,1382.23530408,5318b548-ca2a-411a-b4b2-dc01ab4d8a38,3406.82311281,181606.613109,4.56344933053,2885.9843179,4085.9843179,1.0
TestMissions,44.1417024666,135.626875982,220.100556973,31b8c29c-808e-4175-83ef-5a9cca37fbf5,6384.92733237,180572.097273,7.58087895248,4270.73703964,5470.73703964,0.0
TestMissions,70.5652082753,18.3000245186,65.3864798174,53a33720-849a-49fb-aa28-72146be18971,2437.90501431,14598.384063,3.5031252682,386.877927803,1586.8779278,1.0
TestMissions,74.3908652613,64.8997538542,80.9884145759,25fe43a2-1cf3-4d10-9271-a0270dad7126,5550.01428649,62759.4693996,2.16945958978,1023.64483703,2223.64483703,0.0
TestMissions,35.5272025207,58.285012415,73.9144694321,10c993ab-4cf5-46ca-9299-f5a3062aeeb9,6500.64098758,190631.671414,1.50602732124,5545.79459931,6745.79459931,0.0
TestMissions,42.2955258248,112.755221022,157.37833291,a08b20d4-db27-4ccc-939e-112b08d93a08,1925.48107752,115256.060829,2.72018320022,2905.01780228,4105.01780228,1.0
TestMissions,55.306053133,189.315743983,242.237658806,a8b20fe6-6d50-432d-89a7-da8f007b74d8,7476.40731337,176002.460564,2.3754536226,3362.33630124,4562.33630124,1.0
TestMissions,68.0815429663,904.436895984,1206.37575954,7f0261b0-e98d-440d-97ef-c5cac88e239f,5800.07757683,151778.906095,9.10496870331,2409.3693633,3609.3693633,1.0
TestMissions,62.6281172661,163.090919399,274.242699964,86f1e3a9-5c8f-4df3-a5f3-63fcbc5c3e3d,4828.3846628,71095.4707456,5.16898692027,1315.20051135,2515.20051135,1.0
TestMissions,39.9297809143,140.627246542,263.687971554,c9afe4bc-8e47-4045-bd19-40dea5e3b048,4937.58402204,96844.1035771,9.32642570203,2605.36025392,3805.36025392,0.0
TestMissions,56.9012941638,35.6210572249,72.4867364109,082169a2-18ea-4dc9-948a-438ea09340b1,1106.0683893,44910.2327372,2.52309859789,969.265576419,2169.26557642,1.0
TestMissions,62.3708083843,207.916100032,324.735392772,34f1e992-ee73-4f35-a032-91a272708c86,5423.33328276,155601.209536,9.06439596952,2674.7762193,3874.7762193,0.0
TestMissions,64.068825592,163.320520051,592.576974908,d0034ed1-8f24-4209-b0e6-0a2a593f80b5,8383.76581717,17964.4531292,9.81478949254,460.393045497,1660.3930455,1.0
TestMissions,37.0935581503,132.870598279,240.457437831,fd98a785-3e01-4dcc-a578-76c393dcaddf,4185.01373922,148816.605043,8.68640720823,4191.92585623,5391.92585623,0.0
TestMissions,72.2331368833,457.74382143,857.680013811,ce11532b-e901-4d8f-aca9-084712cfa2a9,418.454556462,101326.881861,9.52840083523,1582.77559902,2782.77559902,1.0
TestMissions,45.9935005024,424.041509029,543.004681565,e43caa52-b5b8-423f-9c3a-aa6ad776c910,8017.58940429,174931.336098,3.78075442816,3983.39252693,5183.39252693,1.0
