CfgID,CruiseSpeed,EReserve,GUID,MaxTakeoffMass,Range,RotorRadius,tReserve,Vehicle
TestReserveMission,53.658171826,83.5476607263,ae60d372-b75b-4bc4-9e05-beb387244768,4524.74805465,136588.314366,1.80113860196,3925.52679895,0.0
TestReserveMission,44.2949189653,255.924719278,52e5496f-1c97-462b-8931-ab24471cfd32,3397.90860813,51073.7444561,4.10843441136,2533.03844435,1.0
TestReserveMission,43.0260490489,1250.56581825,91679555-68ee-423b-8fca-ecbe26e5775d,7814.59214291,49237.2686804,9.24463742783,2524.35951636,1.0
TestReserveMission,63.9057555387,1357.01228208,db99b73b-645b-49f0-9f3d-5e1f25d6230b,2608.49858873,94215.101386,9.81004533272,2854.28194208,1.0
TestReserveMission,34.2800227734,87.8332016873,59c1ef3d-73a7-4241-8bf4-0a36432067f5,7522.30889912,115016.781023,4.45898866588,4735.21308673,0.0
TestReserveMission,42.5552316075,1803.62917058,3cd6a940-7b0a-40d5-94d6-c7ff1fb34efb,5772.2214061,169966.297676,8.98079111531,5374.01651116,1.0
TestReserveMission,53.489604942,213.090146156,b9f22a69-db2e-4f7e-bb51-8111255b24bb,9135.81949567,41815.5161649,8.28093615745,2161.75032719,0.0
TestReserveMission,64.5038508375,524.486150389,1586e666-025b-4051-a56f-fa8ac711f488,9609.76381306,46318.0005838,9.33641746785,2098.06566558,1.0
TestReserveMission,30.0366136646,108.798795913,ee33c9be-2469-444a-880e-23f85acc4d31,6663.51954349,87457.754959,5.67592758191,4291.70489242,0.0
TestReserveMission,69.4299442425,1378.81522419,5982eb78-7218-44f5-b330-24f735b516a8,7449.86615843,159715.312146,9.71204254591,3680.38082111,1.0
TestReserveMission,34.9241960391,29.2444025881,49233a4e-678e-46d2-be80-8c5831b71d15,7468.02322539,18133.7488156,1.74353673906,1899.23167523,0.0
TestReserveMission,44.8247671546,82.4554199761,0f2baff3-0fed-4c93-933f-7af6f30f945e,3873.2599913,17863.4781328,5.09057967068,1778.51803516,0.0
TestReserveMission,66.8285201195,120.048084731,f075b2a1-f561-40e5-a4b7-0f5c8d99dfac,7192.12723434,12526.1254644,3.73299206686,1567.43682251,1.0
TestReserveMission,64.1217786068,530.656974061,65dd883c-1938-4570-8245-c05d556234ec,1194.31135014,42971.2740514,7.28753277228,2050.15099994,1.0
TestReserveMission,75.5616582518,876.926858325,f2f1de23-38de-4c1b-ae05-eb9525c3f770,4730.83865588,195640.740966,5.89706565073,3969.15361961,1.0
TestReserveMission,30.1821597677,158.339311976,f8214aca-5c19-4dec-909f-4ca838025c6d,9971.60809873,101939.529187,6.98983227716,4757.47629632,0.0
TestReserveMission,66.3799932304,235.249882401,2eb8c26c-ea7b-4014-859a-a96788d89701,9002.81488268,180138.204555,5.63646651723,4093.74243637,0.0
TestReserveMission,36.2101175199,480.279910363,f04c3eb7-b16c-4ae2-9dd8-873b6b91d750,8327.63540844,154265.462301,4.38964871596,5640.2861539,1.0
TestReserveMission,47.2512531572,153.133445695,363eee97-b04d-4e38-970b-4f32b957ca4c,5618.11165587,154892.704285,5.74131798386,4658.0655313,0.0
TestReserveMission,64.607648736,379.809382468,411de8b2-3a64-4014-aace-e394c90ab6cd,7190.1794495,194777.460301,9.37707761396,4394.77401069,0.0
TestReserveMission,78.49761146,414.645237071,abda4103-780e-4e46-b192-5b9328fe1b6c,8089.98600255,133937.721562,9.95865616131,3086.26493049,0.0
TestReserveMission,66.2840520069,658.967442932,dcabe312-19fa-49e7-9193-bb04bc12d233,942.319858598,145778.003,7.94008590773,3579.29226693,1.0
TestReserveMission,36.6136537321,115.090875813,c13e56e7-1072-4d0a-9890-1d275193ac7e,3089.58488609,197229.85912,5.00156889585,6766.78441007,0.0
TestReserveMission,69.4654992144,144.712765446,18c8fd1b-0ee1-417a-8603-91a9ece313a1,3609.62642866,15586.0217361,4.00201545393,1604.37068635,1.0
TestReserveMission,31.4383328654,95.5176252098,398838d5-74f5-4b00-8785-c6c243ff9ad3,6914.79979617,139917.578918,4.78555921321,5830.54066693,0.0
TestReserveMission,50.8004817407,51.694088098,e9bc3310-33d7-4613-a1af-c06f950cdf9b,3583.96660447,20597.9713205,1.07775916295,1785.4680313,1.0
TestReserveMission,54.2502972779,92.7335514077,a20f4c4f-bebe-49b4-80cd-b730a6773b26,5692.36254083,49306.6417195,1.61908383247,2288.87320796,1.0
TestReserveMission,53.8217540198,84.3304277409,6348b7a6-91fd-43be-9d90-1197b327dd2b,2007.61536691,154856.588456,1.81974198171,4257.21185004,0.0
TestReserveMission,78.2311479386,220.876874601,39960859-db8f-488e-b294-2b3ece0b8be0,3999.63124869,125135.254761,5.89586582246,2979.55795177,0.0
TestReserveMission,57.0301089272,217.927631783,12c080e7-466a-4c78-bee3-e8b73b94ed25,8374.80365845,49374.1146279,8.24545858363,2245.75522223,0.0
TestReserveMission,39.3683838879,286.894572854,faa1504b-3bda-45b2-8ed5-c9a081d99b92,7334.45397335,156353.484584,9.44220244374,5351.54948064,0.0
TestReserveMission,47.000800078,200.834747553,82cd4081-4a45-4bc3-9a11-154173e5b749,3203.65535161,43434.8249039,8.20387354062,2304.12947932,0.0
TestReserveMission,64.6858045193,1142.20457885,e11fb055-1968-4c6e-84d9-35931c64f524,5446.9881205,154281.968869,6.47603287514,3765.09778174,1.0
TestReserveMission,77.3815119413,728.502561389,32d156da-7681-418c-a1d5-a18e961b49fa,1354.94651866,25553.3724502,9.83336968525,1710.22580987,1.0
TestReserveMission,69.4226502512,54.8462931177,8a6342a4-c8a8-4197-b1be-4a6576d244c0,7026.58134812,35001.7661692,2.16765908506,1884.18366401,0.0
TestReserveMission,72.329620501,529.912904856,0dfe4d68-cc1d-4c5d-90cd-0c66c3ac30bb,5415.33286827,179323.149381,5.68914962358,3859.24913941,1.0
TestReserveMission,36.7094380548,158.990160778,2588f69c-30c3-4aac-957d-4ab471955e4f,304.734432272,183957.101274,6.63247302099,6391.16636542,0.0
TestReserveMission,35.2686170603,1029.84040897,928e26cd-8e48-4515-9b79-098f4ba46477,1536.13979221,39698.8141948,2.3544649423,2505.61300963,1.0
TestReserveMission,41.5698800936,80.3288551729,885b9a24-3c38-402f-925c-99630e82eb15,6643.63227039,176997.577915,1.81384050767,5637.83229386,0.0
TestReserveMission,36.6338062603,38.8195287832,e75df4a6-1381-472f-8dcf-5c11582e5340,6573.45373422,52135.1929391,2.18038480503,2803.14431017,0.0
TestReserveMission,59.0789834404,105.861454355,3726d293-810c-418a-8d62-e0c62f97a1e7,4179.27817383,104257.43115,1.97142970914,3144.71267917,1.0
TestReserveMission,31.3311303635,2492.41684587,72d74237-4b7b-4bed-823e-4b1866256b2b,9439.57369448,124643.225229,9.64499226195,5358.25497463,1.0
TestReserveMission,45.992144628,82.4362957922,8a1e587b-f4ce-411e-be59-338cd18301d4,9804.54926373,117085.988657,1.63880347286,3925.7823201,0.0
TestReserveMission,41.508089696,322.541959812,4c656b36-664d-4e05-ba87-56108830a0ca,1708.81408874,81315.0749349,5.24686335951,3339.01751997,1.0
TestReserveMission,36.8923240528,213.416555486,cf534829-bf3a-4c2d-9308-2c6983e1b8f5,3427.68670373,165176.793825,2.89877184022,5857.26723825,1.0
TestReserveMission,60.3900401641,53.6700697337,7c66256b-a1d3-4f9f-8d6c-0b4c28e2438e,2996.37841093,69870.3143648,1.24668757869,2536.98406848,0.0
TestReserveMission,76.8362342329,209.696046989,e1e55afe-2896-4f0a-babb-78fb95db65c6,8445.79882629,126558.363188,5.08929435217,3027.11824377,0.0
TestReserveMission,54.1043673623,242.064780771,ac7016aa-762e-4043-9060-9a4feb88d748,9451.78894225,65137.64824,8.64019516541,2583.9258828,0.0
TestReserveMission,72.5710418404,235.047932843,a50b4d49-246a-40d5-8919-4ec94a1edf38,4138.65035878,81120.5417261,5.51197658808,2497.80869709,1.0
TestReserveMission,43.3189210206,174.89148446,fba7d51d-6f54-4ca3-91ac-fc4dc738a874,9267.79948528,92011.6993184,7.09406388294,3504.05335014,0.0
TestReserveMission,55.0545302305,62.6852723659,eaf3096a-76b2-4512-a646-b503f8e799e2,3262.53122187,60097.2310624,3.14036974196,2471.59465735,0.0
TestReserveMission,50.8960245462,502.056278483,e8012e1c-4703-4897-953c-2f2a6f5ae516,9746.82682562,110157.53844,1.12318524421,3544.36429804,1.0
TestReserveMission,75.817169674,338.051514888,c6a15f9f-4751-4b91-8392-1d358e7307aa,7469.27994777,102699.764749,1.3378686288,2734.5713351,1.0
TestReserveMission,30.3431220559,487.099159249,122532a4-0e1b-4186-9d23-6d9f6da5ca7c,6747.21146577,29929.2086643,4.81437749848,2366.35890563,1.0
TestReserveMission,66.7504827065,173.289032435,c4be06e9-a36f-4937-9d58-8dcaddca9a88,3806.17733888,199154.275418,3.07897611508,4363.56307464,0.0
TestReserveMission,34.0833560088,52.8922008071,7993d856-00fa-4415-b0e5-5d4925261e83,125.706475669,184371.115203,2.42673207821,6789.41787408,0.0
TestReserveMission,73.3192074003,87.4169594697,767ade0f-ff6b-49bc-84f6-7a4e254a83bc,2936.35147104,38022.218216,4.26647638179,1898.58468694,0.0
TestReserveMission,35.2245744194,109.884206856,44965979-e053-499a-82ca-5912aed48e9b,619.905811961,109359.365088,5.61064006766,4484.63268585,0.0
TestReserveMission,46.5291104218,297.532840688,2cd45ab7-b40b-4f8e-a5cd-6f38ca8f32c9,9904.85117969,168158.195913,9.14212704498,4994.04278716,0.0
TestReserveMission,60.1220347747,180.064569315,b62e28d2-8a89-4bb8-8580-0fb3a4ccdb78,2874.99264769,69315.5126316,4.74024003507,2532.91361797,1.0
TestReserveMission,38.8434560765,123.240516604,ccb87c74-9d68-462a-bf7f-684c0ca7558b,2087.11020516,14641.0524514,6.52044068806,1756.92455642,0.0
TestReserveMission,50.0164951955,1810.77633898,5ac0be01-d692-442d-9441-418fb15a1e64,6244.85426173,62868.3604557,8.09616958464,2636.95253556,1.0
TestReserveMission,34.7937440982,631.734470118,1aa7985b-8ea1-4830-8550-6be7b5b4fe82,9839.77372176,138042.960964,1.48268818889,5347.46497227,1.0
TestReserveMission,31.751710401,1368.38755218,e68a124c-dadb-417f-a24b-d9de69930ffc,6056.31415396,45059.6039671,6.23544591115,2799.12367549,1.0
TestReserveMission,76.2368693041,52.9079463104,b8841b9f-a364-4249-acc4-5b718bd2e7c9,1233.20809501,47389.1122661,1.36005568953,2001.60359808,0.0
TestReserveMission,77.5855877695,3640.84368252,d86d1f4e-43f1-4b50-b86a-9e2c9e975de4,9089.74749113,112595.22916,9.28418079219,2831.23897875,1.0
TestReserveMission,61.2478817322,4881.13956597,4c906c69-1f1d-4261-9b62-64dea1318681,2181.80371963,195480.396778,8.01884187217,4571.62706121,1.0
TestReserveMission,74.8507405182,77.1910591544,badff66d-aecc-4ebe-a748-1909dd0033f8,729.327141901,45992.3148126,3.52304658663,1994.45370472,0.0
TestReserveMission,38.8348398406,11033.4091284,ab37dcc5-38b9-4eed-b815-25fd684aa14e,7126.7614892,91582.3075571,9.68829546234,3738.25119746,1.0
TestReserveMission,67.8954031819,4856.07920158,5c363cc6-ba58-4bb0-a9e5-35ccf85547cb,2015.7835735,103217.629757,8.37407557878,2900.24474293,1.0
TestReserveMission,60.246955402,39.0791819151,aec18ab4-ad6e-49a5-87dc-372c4b058249,5933.29344374,30454.643595,1.40030382405,1885.49680713,0.0
TestReserveMission,62.5653076672,1038.92229009,51014fdd-9db0-4d16-80f8-3fc46bb19c10,1872.6004534,157500.831967,7.92975751567,3897.38284106,1.0
TestReserveMission,39.3104144885,663.922109094,fc3b3b0c-9a4b-4ee9-a23a-e43da86bcc36,9309.72264207,84695.0295513,6.01636498931,3534.5188636,1.0
TestReserveMission,49.7058769309,608.837301691,28eec491-1205-466a-aaa7-5f522b390359,2758.25002039,176991.310383,5.02101802307,4940.77231329,1.0
TestReserveMission,57.4792500617,233.052034611,a6fe8694-33df-413e-ae61-baa76e540688,725.25157812,54149.7860776,5.12596542022,2322.07537537,1.0
TestReserveMission,30.235525061,1310.78516697,65294923-1dcc-473e-8b66-ee317a4c3088,7832.8084125,98923.3228279,7.16072964789,4651.75806037,1.0
TestReserveMission,50.4682712454,58.0277161288,7ad27009-3924-444b-ab7e-f5ea6473202a,2055.58771615,101303.931602,2.06134474181,3387.27960562,0.0
TestReserveMission,59.6860030345,58.4474792295,99a2e270-0d4d-49cc-bad5-bb03d98f7747,3630.76292975,59012.8111572,2.49898374525,2368.72110976,0.0
TestReserveMission,75.1930534968,209.497101484,67f089ba-02a1-4f55-9e16-2c3cd00093dd,5032.04049486,143553.152508,2.27309516353,3289.12784935,1.0
TestReserveMission,67.6906249881,174.390539586,1ddc7bf0-2d9d-49c5-8d44-98b209489123,5296.60804068,96385.2672237,2.63175597684,2803.90866151,1.0
TestReserveMission,31.5938801897,134.362741784,58f75524-089c-4fd0-ba56-4a1a4ecfef8c,9478.27817202,94402.7717087,6.31009034896,4368.0081567,0.0
TestReserveMission,60.7726707801,150.2439741,dda6c288-0d54-4a69-ab9d-8bb9f94384a5,7856.29164194,172910.651258,3.18746698097,4225.20408661,0.0
TestReserveMission,48.9721730373,292.319412795,04b2f5eb-7c24-49f7-9665-5dd019df1e8c,7004.58139679,91572.9156213,9.63822018383,3249.8969219,0.0
TestReserveMission,55.3907444559,538.832463661,291504a6-0da0-4e77-853d-ea7fdb5f48be,5003.86482167,99108.8364541,6.50636138879,3169.26709557,1.0
TestReserveMission,32.9556438742,305.056843922,62a4b584-079c-4986-8ded-d3f224e431d0,6281.24847739,93322.2168783,3.66535773583,4211.752195,1.0
TestReserveMission,38.4813543494,59.0533856678,052f58a6-e6bc-4e65-8640-610572fadec6,5727.60020243,126620.148264,1.16276168542,4670.428583,0.0
TestReserveMission,64.6562409793,300.532728199,0fab795a-d818-4c72-9f57-fb789c8334a0,475.360510798,55629.6411199,9.90535087083,2240.39089618,0.0
TestReserveMission,65.5200362333,12631.5940487,457afe4e-e3ff-42da-9f47-fafdc9ded196,5677.78748273,173157.757987,8.73711317354,4022.82146259,1.0
TestReserveMission,77.4234078318,6914.35615222,e44eb53c-a95f-4324-93f2-10a3c0b9c175,7381.14690602,65440.2142189,9.7048645919,2225.22518514,1.0
TestReserveMission,76.7421844684,207.811387291,2b23d2b9-0ee7-449f-ab14-c97c4a45b892,3769.3201583,80675.6635957,6.88056778063,2431.2557618,0.0
TestReserveMission,68.835410246,70.168476688,0d9d482a-06ae-455f-8f9a-c67913965cf0,1816.3382721,15917.7412081,4.41650706696,1611.24350027,0.0
TestReserveMission,55.5256762655,1511.40468024,885989a8-1fe3-415f-8313-a10b7bed62ef,3456.84826332,32138.0586451,8.55534726383,1958.79634804,1.0
TestReserveMission,55.5070817022,3401.12851155,38247f69-e110-4052-adcf-e8ba29e6fd90,7051.41538188,117506.958726,9.04738950159,3496.97237762,1.0
TestReserveMission,73.0881719091,172.254167207,dc9e92aa-dc56-448b-950f-dfb302b2dfbf,3138.70699605,127993.010136,4.71214349449,3131.21372983,0.0
TestReserveMission,38.6288768762,72.0380648689,62acf778-1340-4ddf-a86c-dddf992010f5,7902.21770078,110792.433572,3.33013535473,4248.12463968,0.0
TestReserveMission,40.8328389695,82.8014651696,cd9bc880-4101-4ab3-b53a-f4b919c6215e,3019.33888251,32599.6661305,5.01677442347,2178.36883629,0.0
TestReserveMission,43.69147152,200.990931753,26e271a6-de64-4708-ab5b-450642cea3d0,5947.80644886,103628.903631,1.53294288485,3751.83367888,1.0
TestReserveMission,46.7370626467,1113.94806986,5e5e5f59-bb9d-4764-8598-ace64651b284,4006.83231451,115928.935875,5.93541662949,3860.44976107,1.0
TestReserveMission,61.9606761872,1815.34647506,20126a62-f933-4e2e-95f8-18c96ecdb514,8240.01143549,153775.012811,7.85530360074,3861.81624659,1.0
TestReserveMission,41.4838579978,703.984250281,a8a46c02-016d-48f7-bb9d-a147c1fda5d1,878.814010308,174915.032399,3.83705582311,5596.46010862,1.0
TestReserveMission,42.5086464693,91.7599106194,509b0e7f-4c3d-4956-a0d9-e490d5078057,3550.15892559,151360.898201,3.91389451487,4940.70848576,0.0
TestReserveMission,75.5741976838,53.2599707776,5fc3423d-5775-4a23-ad54-ba8eda106f8c,4437.28628362,13082.7404869,1.92367329484,1553.11120578,1.0
TestReserveMission,38.4995983576,217.571133552,e21cb56c-7900-46f6-a5c2-3a4e7dd28fec,5342.76988479,49882.0335453,8.62341830382,2675.65075152,0.0
TestReserveMission,77.2269209049,409.35630384,b157957b-6e74-43ef-9915-b9a0c48761a7,1422.14132468,172934.575816,9.70229431922,3619.30429687,0.0
TestReserveMission,65.7019925469,188.104265356,ed882845-de67-41a0-990c-dc08c45e058c,4210.71016475,147209.878275,5.46607477243,3620.56946477,0.0
TestReserveMission,34.36470416,316.867874824,bb53ff09-6886-41fb-9230-0efa56c3ef37,7952.81770416,43045.8823596,4.01756486967,2632.61902908,1.0
TestReserveMission,48.9390846629,341.549952822,ac77e17c-2d59-4a58-9c63-94756f97cd9b,8571.531583,162037.042794,2.76255360208,4690.99455395,1.0
TestReserveMission,78.2821436041,94.3551781644,de5f34bb-6d0f-4012-8887-720ebf43efa6,2100.11957958,56951.8562111,3.60140890843,2107.52039723,0.0
TestReserveMission,67.5832821314,201.054665825,cbd1c308-97ba-45a0-8de5-e25de8e47678,4640.92539889,189604.548735,4.50171780882,4185.49483179,0.0
TestReserveMission,69.5908440527,181.430849596,b42d1ab7-5da6-4cfa-85cf-3f19cbe032b9,6796.96816997,183074.078242,2.72259305983,4010.72076125,0.0
TestReserveMission,78.8336860196,243.596983023,72cfdea7-4b0d-4f3e-8d47-0ed9741ecc20,6570.67631957,173679.078175,4.47987494946,3583.10741442,0.0
TestReserveMission,38.6433238371,1865.30029982,97273f45-f2c3-42f6-ade5-75d0b2ec45c4,3554.42852861,125252.211585,9.29958603406,4621.23804962,1.0
TestReserveMission,41.006539417,122.386781177,120fd1a5-39ea-46a2-8321-72b37a42aac0,3944.34656818,161385.349432,5.18583685736,5315.60031466,0.0
TestReserveMission,58.5624312553,199.615849314,00b1f746-a0c7-4505-85df-f537adb719ab,8788.95262911,158918.720473,5.92349106966,4093.66330029,0.0
TestReserveMission,76.7668419278,187.907860305,efd5a444-7e26-46e5-a41b-b817785be286,8254.57555293,20036.6057156,7.71148051622,1641.00599181,0.0
TestReserveMission,77.36218015,408.5738201,045fc361-7a32-4a39-8803-77860812cac8,9335.39014094,117696.916758,1.64270951794,2901.37538691,1.0
TestReserveMission,58.5400702925,67.4711284929,567aa5bd-e8bc-4a5d-8c69-7e639cbb17cb,6037.70886506,57912.8320087,2.9873542887,2369.28531721,0.0
TestReserveMission,43.1853390524,150.815123487,7ff12493-e7ec-4ab8-9f07-4aa39cb7abab,6295.44155796,35319.35789,7.02516971967,2197.85528758,0.0
TestReserveMission,65.1971762376,99.4458907209,cbf3eabd-69ea-428e-ba05-34d4a769a484,7527.50730839,98377.3900632,2.17824788733,2888.92102604,0.0
TestReserveMission,67.6694243298,67.6735633737,e48eb625-a6ec-4934-b8cf-35d1aa4e5558,3195.74111112,54763.2700398,2.77995235842,2189.27642849,0.0
TestReserveMission,72.7556960449,292.387267069,4d0c035e-41f4-4a3a-9e71-6eec65019aea,4734.52618901,134367.080157,8.01365440023,3226.82557465,0.0
TestReserveMission,74.8084814523,210.862028186,2bfb38d3-3128-4b40-abb5-8d8d122d0b29,4841.68118062,89149.4415325,6.79448799064,2571.70232842,0.0
TestReserveMission,70.034534809,127.157112321,ef38e90d-c952-427b-ad86-d1e16bcc2c11,174.530739024,135330.019161,3.08669137555,3312.33266317,0.0
TestReserveMission,60.6176127487,853.421559467,40a10037-fb11-4497-b65b-13a2b42093d2,9209.16861806,75597.3477853,1.53916955536,2627.11852476,1.0
TestReserveMission,76.7253293385,204.045481513,030c4ba5-0315-4c3d-b66d-5f6474559b5b,5358.97171668,73681.387584,6.8663603129,2340.32676848,0.0
TestReserveMission,69.4779364455,112.268214452,71193f3c-2a09-4bb6-9ee3-5d8a1e8d9ec1,2674.49801601,112303.384846,2.28358279528,2996.38918182,1.0
TestReserveMission,59.33238522,164.062837356,01f3f24a-d422-4421-9ceb-e4eea62b44ac,931.231410336,87076.6082538,6.51074421792,2847.60673671,0.0
TestReserveMission,69.507033965,57.6243278312,366378d3-29b2-4ef2-8197-c3f866e7cd9b,6336.55430158,11888.0660256,3.77633864862,1551.03399969,0.0
TestReserveMission,30.805623471,72.1826994259,68c5e265-a6c5-406b-ab23-fced66c39ef7,5993.38271964,27556.7146766,4.68411153248,2274.53520402,0.0
TestReserveMission,35.820344048,273.972971779,514b149c-2449-4167-8536-f66f27116146,5655.10523023,78577.2160813,9.69082906684,3573.64772086,0.0
TestReserveMission,56.6317298293,498.132020549,5f88f0fd-56d2-48e6-9042-e2a05aa537ad,9571.39117149,137128.100018,5.00285347735,3801.4005193,1.0
TestReserveMission,75.5375965568,228.936180049,6882e2ad-f2dd-4c3f-9814-b63dbb5529eb,6703.09800479,46763.9389745,8.13082807908,1999.08163757,0.0
TestReserveMission,33.804412913,127.0214998,565ffa01-7e86-45a3-bae1-dbf09c3bb97f,9763.72266142,75033.3168322,6.12964614736,3599.63082232,0.0
TestReserveMission,46.5999286971,93.1974762629,679f13e3-f3e9-45a1-ae37-13b33e9ea2ab,4197.66305293,60954.7463816,4.90740467241,2688.04376929,0.0
TestReserveMission,44.1083552158,295.102718307,43214e76-35f0-4cc7-9baf-ab4477226dfc,6894.72064627,140940.144296,9.51285928859,4575.31625259,0.0
TestReserveMission,48.0820387059,190.691830489,ecf72f3e-2537-4842-aa98-9db32e874cdb,8638.08039345,15439.1667292,8.11349914766,1701.10050124,0.0
TestReserveMission,46.0087036,28.9315444851,0d6a1d73-f76e-4558-a60e-6fd3a1d345d6,2630.13274768,16826.8090894,2.40886951961,1745.73099811,0.0
TestReserveMission,35.6274500975,474.412938796,6bd06250-6f79-4c50-a431-a659c2c8731d,9820.43298198,65368.3489526,3.586633463,3214.7748372,1.0
TestReserveMission,72.5042386129,223.59683412,1e05b190-4875-447f-a522-924cd2d8e5d4,1384.44717166,167164.418111,5.71410441432,3685.58131923,0.0
TestReserveMission,43.2752494964,1335.16993516,0bea5348-3c90-4bdd-99bd-d46c43d8c39e,8391.03285608,53185.2026374,5.60221105612,2608.99817462,1.0
TestReserveMission,31.20082135,38.0706768987,359830c3-3710-4d89-ac5e-ab35163a026c,8707.75038715,35119.0217755,1.51046628455,2505.58004104,0.0
TestReserveMission,71.1100778349,135.668419373,f8a49f72-9cec-49f1-829c-66dcfec9cbde,5953.88999291,110876.648042,3.52411144711,2939.22551933,0.0
TestReserveMission,51.1511513502,321.523449762,b0f8167e-9ed5-4d83-b6f6-50970a54d436,6291.07829578,199858.197161,9.23128295422,5287.2081837,0.0
TestReserveMission,69.9136381465,113.955369133,e36e0c94-acfa-48e9-b0bd-858f047af9ba,6505.13172471,40849.5521241,5.1759916356,1964.28588766,0.0
TestReserveMission,62.3354459437,230.922333165,1c228987-d45e-4a75-b4d9-454ceabec2d6,8647.48401401,132742.24304,2.97638434048,3509.48252844,1.0
TestReserveMission,52.9700226326,903.577768336,4e889e0e-96e6-41ee-99c4-ad7cd863dc1e,2980.38722645,93573.4114457,8.31330047492,3146.53523626,1.0
TestReserveMission,68.0254101421,909.574717686,1491aa30-dd22-4e9f-94d9-f6adce9056b3,3176.16879144,198780.469577,7.11906445385,4302.15025476,1.0
TestReserveMission,78.819630315,61.4013988961,b76e426e-eaf5-4150-8b1b-6798029f710e,3626.96654737,46512.7200715,1.47147394331,1970.11593794,0.0
TestReserveMission,72.0816826588,233.349417709,6c47bdba-415d-4ccc-81f6-e9e614aa3fd8,510.103333687,185374.449146,5.73400566192,3951.72755003,0.0
TestReserveMission,38.2172650877,64.3520141403,68a0359c-5321-4441-b971-d4dfb17d18c8,1780.28955807,114007.808406,3.4812397288,4363.14932123,0.0
TestReserveMission,76.5857320647,248.761829721,d9875263-5462-4a89-8aae-45630d8ac56b,9256.97780745,139168.961003,5.93084974621,3197.16564236,0.0
TestReserveMission,31.8480325724,701.295526192,451338bf-8f86-4ce2-9c7c-ed08e695c67f,2582.28070233,153102.48568,5.34296257498,6187.28237551,1.0
TestReserveMission,36.7405426332,119.261989179,8c47c3be-da0f-453f-949b-febb7228a9b8,8935.22411683,29635.269017,2.64718720223,2186.60945356,1.0
TestReserveMission,31.0518055895,2770.07418771,f9aaa124-124a-43e5-a246-a0d90341723b,3568.6029438,192984.52877,9.63236004116,7594.92132604,1.0
TestReserveMission,32.9945240753,115.637250723,ff9e2d00-c019-4484-9107-0580098fffde,9022.49274504,15318.9241033,6.19717030725,1844.28686373,0.0
TestReserveMission,42.5654245313,121.187418723,98fda8ea-1086-404b-8002-6a927dfc7c34,7247.05787495,74514.5951376,5.76689483687,3130.58973235,0.0
TestReserveMission,49.7527323638,26.7034336437,16dd9690-1165-4bf5-b7c9-37c4216cae94,3408.77796158,29270.945436,1.34853614408,1968.32840018,0.0
TestReserveMission,66.647113405,1395.69157949,dac73f92-db96-454f-a36a-764b632a1440,1484.48161982,182263.866418,7.39505988153,4114.76009847,1.0
TestReserveMission,77.2445192876,279.971185243,5563ef4a-be5c-4d8d-a578-c394a44764b9,6117.42250618,159334.485684,6.55160930669,3442.72868488,0.0
TestReserveMission,70.9406554808,508.560506313,ee344687-69a4-42b5-86b9-a895a5ccfe3c,6117.40107848,157981.974741,5.51714257127,3606.95961393,1.0
TestReserveMission,58.5229024048,427.795377839,3521d583-0d2b-4a17-9202-554ec214f773,6959.11841838,160856.824706,4.54640270618,4128.61324535,1.0
TestReserveMission,78.5474894872,51.9234739228,94f2bd39-3a7a-4ea2-82b1-8f1e3038912d,9046.66187627,18148.5920015,2.49464568174,1611.05247692,0.0
TestReserveMission,65.5685652315,102.655886654,ee1b3db8-0903-4256-97ce-2408a7ec0808,6296.26740844,47104.4038157,1.61550235988,2098.39918487,1.0
TestReserveMission,70.7169936161,389.074211371,021b536e-ee23-4af1-b603-868c1892c5df,9325.38202864,197336.927585,4.49386192758,4170.51635956,1.0
TestReserveMission,67.1254058268,282.000598443,64d2724a-37b2-4605-b42c-dc54e9ef550f,8514.5917429,187532.199571,6.85278738553,4173.75889444,0.0
TestReserveMission,44.8253674096,321.99723788,7a405731-4235-4d30-ba0a-e2c31bbbb971,3876.8890089,70540.2224789,5.37047215089,2953.66746901,1.0
TestReserveMission,67.7502723529,616.53347493,0bad7a51-8103-44e9-9b24-4b742655edcb,4825.38938747,78899.5648548,8.86372390995,2544.56454144,1.0
TestReserveMission,77.5359779507,224.99496167,5736de3a-a9ed-49e3-99af-ac21c8e0af06,2087.67069421,171179.197508,4.86536058013,3587.73893659,0.0
TestReserveMission,73.1217432336,134.491509417,4f9f5741-8905-4fd6-8a6f-827c545de41a,5066.81664228,14091.2273985,6.55381250008,1572.7091283,0.0
TestReserveMission,68.6260899739,362.121326196,725042a8-b98b-42a3-bfa6-16529ce4b59c,9974.22335275,148288.263519,9.24154562761,3540.81469271,0.0
TestReserveMission,61.0776714313,498.815404743,c78d7254-67ef-4038-a60a-d710eb4bea4a,3271.54838662,47641.6102179,9.1679539278,2160.01680649,1.0
TestReserveMission,70.8709195197,325.268834494,da0607ef-271c-4e2f-bda4-e5d4e0139c81,5411.40921893,45838.7357208,7.88969448975,2026.79188631,1.0
TestReserveMission,68.5910555177,115.843449008,4ae95153-a649-49cd-8e55-493d9f18c393,2887.63954824,79602.9720968,4.37021775966,2540.54449806,0.0
TestReserveMission,34.112342292,191.025018188,2e1b599a-8fb9-444a-943c-d747eeedcbc6,7055.81454278,120810.059379,7.71124275627,4921.53515303,0.0
TestReserveMission,47.6340989995,934.493475989,9df4f762-d0c7-4a58-9c72-839d1b6ef72f,4193.02210259,121954.462087,7.53223531328,3940.2344675,1.0
TestReserveMission,31.9896097128,630.202791991,6b295bab-4340-4442-9ec6-1cfaa3a6548f,7410.29212973,165155.34792,1.08735647327,6542.78095928,1.0
TestReserveMission,41.6220818023,778.013043652,484143f7-37e0-4388-b7e0-119a8a4bd856,6070.57568491,111200.483358,6.59590747205,4051.67038607,1.0
TestReserveMission,51.2350322836,124.20911344,4693c40b-7cdf-4f11-9b08-813231edcd16,786.419040857,188199.419243,4.13725855469,5053.25657571,0.0
TestReserveMission,76.1724712703,6149.13791026,b2718d8d-28bf-48ce-b744-aa07a2019fc9,9369.82350672,127723.848767,9.27182344452,3056.77176068,1.0
TestReserveMission,31.2486648168,4821.53295675,8af8004f-e505-4821-ac8f-8a024ec8af5e,7425.66302011,60300.7122564,6.82201197444,3309.70524052,1.0
TestReserveMission,58.4443632931,214.546308987,405ccba6-6ba6-4220-bf31-df344e007fa1,5397.87671119,197080.474034,6.0216766587,4752.10404783,0.0
TestReserveMission,32.4015640055,61.9667824584,354a4c16-c9f9-4522-9ed7-56dbbea79b63,3608.92120295,48886.215206,4.14903540515,2888.76097208,0.0
TestReserveMission,67.4595201095,838.047245242,efaa629e-497d-4bf7-983a-8d20b5800f60,5668.65547663,50974.2211454,8.46733978625,2135.62679756,1.0
TestReserveMission,50.783625059,19.4568547658,4b759e14-e0f8-42ba-80a6-2bb53622c2de,383.147516145,22176.213723,1.30359228619,1816.68040037,0.0
TestReserveMission,55.1592550068,7731.7903525,0c6c1fa2-6ce0-433b-b267-c043d2e30939,5957.36166807,159783.300262,5.81685133907,4276.76320397,1.0
TestReserveMission,78.4360220046,148.43053345,8d15a5d9-e692-4a82-8bfd-c0a0442f16a5,3087.46546325,141278.385979,1.0247516548,3181.19264552,0.0
TestReserveMission,76.161197007,213.318796911,8babf64d-ecb5-4541-a50e-eeed91fb89bf,5628.4659169,84677.7727034,6.84760971164,2491.82302841,0.0
TestReserveMission,48.2050727418,241.05276757,256637d7-543d-4f60-a5b3-b3485ad0c3d8,8777.3424191,174814.422011,7.75482744649,5006.4735653,0.0
TestReserveMission,72.2484596551,173.384914378,52d00c9a-fd3a-4db5-ab85-2d6a2d9e3beb,1150.34412632,198701.228945,2.27033937893,4130.24865434,0.0
TestReserveMission,79.512471396,122.673927751,ea8b810a-3c77-476d-8ffe-8820cc21a973,2814.04618253,112625.894877,1.05868110984,2796.45571945,0.0
TestReserveMission,31.6692821835,278.144184555,e0b52ff4-1c6f-40b2-982f-56ca925d5184,8405.04319192,48287.593249,1.34756971874,2904.745429,1.0
TestReserveMission,65.8386326073,137.672593242,6e797e0d-ed71-44ff-b06d-95262b5e1fe6,3104.47090062,147497.606875,1.31751955748,3620.28964507,1.0
TestReserveMission,62.1897709235,1386.2656325,23029ec9-df61-485f-8cd7-d86dc695ce98,8285.25648791,102064.184652,7.70055987606,3021.17318871,1.0
TestReserveMission,55.6323987987,279.583174776,1ce697b0-fb1a-415a-9d2a-622c18a91452,2072.57194898,184744.263555,8.38360357287,4700.80348043,0.0
TestReserveMission,32.0064544904,318.751846601,7d30f709-fa2a-4943-abb2-1ba81dbdd703,7827.8668807,22335.3163,3.33357203125,2077.8378785,1.0
TestReserveMission,50.663763184,240.533311805,9a55d68e-0f07-49f7-9a20-532af2fed7c6,1542.95334379,56089.9055778,3.00502806195,2487.10105316,1.0
TestReserveMission,74.9260809306,398.402098175,e03eaa6f-f1d0-4ad4-a564-93d23ef73761,7708.37721427,167384.293683,2.37041907038,3613.99237761,1.0
TestReserveMission,65.7752011692,189.570564204,fd0ef01b-5ec1-4d19-a4a5-09e946426ad1,9523.9966688,192139.595956,1.24281494755,4301.15558052,0.0
TestReserveMission,50.5400453936,140.37271893,c033d27d-bf90-440d-8837-38da5acd9850,7791.31993315,77378.0982142,2.87715091887,2911.02549892,1.0
TestReserveMission,62.4317352467,336.113717315,7823160c-78e5-40ea-8ece-385bc1d5841f,1868.48709298,13075.2638371,9.23640348338,1589.43297164,1.0
TestReserveMission,30.7615880014,253.725571869,7b63d73a-3270-45d2-9dae-f56fc2789da9,3401.39591746,197491.561591,9.04584776059,7800.07043272,0.0
TestReserveMission,57.6733665713,202.710495354,3d0e6fe5-b84f-46f9-9b1f-1e974f011ffe,978.970969575,125704.001764,7.12548203619,3559.58494947,0.0
TestReserveMission,30.660728238,179.626724205,f2a9a9c6-e634-4b82-b567-f21de561bcaf,954.768096993,133270.025617,7.63233279772,5726.60340037,0.0
TestReserveMission,47.8580355532,2180.70065023,e8e338d6-6213-4ebe-b2ad-bd5591ab5b0a,656.406498081,196978.746822,4.27458174475,5495.89703893,1.0
TestReserveMission,60.450777817,75.5052069337,b7da7909-6c29-4188-8f0e-0bb095be5376,2830.04772792,109381.94236,1.20773664361,3189.43812984,0.0
TestReserveMission,73.308123158,142.792846455,434d9517-23ea-4231-8924-896588167869,4277.37380865,143617.723297,1.886446594,3339.0969883,0.0
TestReserveMission,54.1956892956,2808.962303,a54d63a9-a0a2-4e87-8d8e-177ece6747c2,7862.30181867,185989.869334,9.90471711923,4811.82034865,1.0
TestReserveMission,66.5292643513,455.194216771,5dbf1017-b0e8-4c4c-aa54-1a8cc5b56163,7381.61340147,75613.9317583,5.79019181579,2516.55144838,1.0
TestReserveMission,41.0526727413,85.9853501649,d4cbe5fe-6502-4b3e-b582-d766a269af63,3546.87247754,86637.6198073,4.55694825684,3490.40144337,0.0
TestReserveMission,44.6522606405,875.280026286,b1f79e65-8772-460f-9a7c-6c27cf39380e,8465.33173421,96610.2573397,5.78882775128,3543.61402433,1.0
TestReserveMission,41.4549073583,180.415223024,48b4086e-b70f-45d6-85d8-af7c49d0109c,342.206268561,81309.5792441,7.6113386386,3341.39816551,0.0
TestReserveMission,41.9557850484,77.960376678,206a071a-3011-4d48-b526-4497c07a37c3,1631.99679621,116177.624116,3.90003503574,4149.04898769,0.0
TestReserveMission,53.2565306069,131.478484195,e1a12b8f-f360-4c0c-a193-ce7616b11e78,6603.50144592,72794.1084064,5.74095598678,2746.85787784,0.0
TestReserveMission,75.897508765,453.078537854,d7db20f5-080c-4ea9-a704-7c03bfb577e0,1391.39229065,148558.413368,6.32032543157,3337.35559421,1.0
TestReserveMission,37.5569996753,1847.56378283,30796f2a-c489-4da0-bb6a-bc3ec60a45ee,8236.42092513,137593.113324,8.79360962012,5043.58107712,1.0
TestReserveMission,44.467486661,1842.72984332,84ae1f3a-aa2e-4a26-bcfe-f3ea1f8eb51c,5441.2006206,142670.793123,9.47698234625,4588.42943543,1.0
TestReserveMission,64.8876069808,521.986754996,bbd50dc5-f7dd-43e8-bc2f-2284041e5e33,9112.79634099,53456.4973669,8.05366928323,2203.83215924,1.0
TestReserveMission,63.4533611584,248.878212964,431c8f17-f50f-449b-95a7-22166cab1a81,5709.85760293,190840.194127,2.98509682963,4387.56635493,1.0
TestReserveMission,62.6315854047,36.7243563276,0460290e-c4ef-43d1-96c0-0c6b2d47a988,286.618221737,42176.2937632,1.53774167168,2053.40294024,0.0
TestReserveMission,78.8644978942,12191.3578744,5e7ac9f0-4388-4a70-8b40-d6541dfd6738,4636.10553669,89781.0628263,9.29212641054,2518.42178957,1.0
TestReserveMission,55.5220883577,20768.7908108,0402e11b-8c97-4cc4-97b3-92b77ca3972f,3618.41224426,157955.407445,8.36941660159,4224.91113568,1.0
TestReserveMission,44.8086253454,23270.8435224,2b69c3b0-5d95-4110-be28-fb29acebd47b,5781.6791291,170594.429276,7.67464810658,5187.1783716,1.0
TestReserveMission,72.5972215976,405.383064666,fab7938b-e6a9-4fe2-8317-53e47393cf60,4065.06229342,175504.692227,9.74200324225,3797.51252135,0.0
TestReserveMission,45.6989230333,1510.62176172,461b5127-940c-40f7-8208-259c61bdaf7a,4590.86484336,140620.36284,7.23514696515,4457.10452471,1.0
TestReserveMission,40.960208542,663.819816987,df3ad92b-2773-4641-8982-81a0a03f85ad,8555.60032854,37222.9030392,6.679281056,2288.75765442,1.0
TestReserveMission,76.6622543636,985.686777815,7423a4d3-6bf0-420a-ba48-03945f9fece6,3055.26083614,187296.46,6.72639208187,3823.13791127,1.0
TestReserveMission,71.6700814759,680.376143166,053a8969-cec9-4f94-b892-8c347ac43884,1111.39229179,169477.777653,6.13748537149,3744.69352571,1.0
TestReserveMission,59.8328077747,101.60428221,547a2525-d97f-4c25-82c1-2797cb607058,5910.97238251,13898.9722512,5.63962320348,1612.29684128,0.0
TestReserveMission,57.222148895,567.176903517,44d71211-583f-4272-b24e-8bbe05bf5b81,3155.64623466,192471.354763,4.97181341511,4743.58138378,1.0
TestReserveMission,49.0304158616,140.66276067,1a9afb4c-c6c8-47fa-89d7-8a87c9481b4c,7350.25649286,67975.0137308,1.98219829304,2766.38460507,1.0
TestReserveMission,79.3457144432,222.187089192,2339cf38-0f0f-4949-8e63-c82be3036e54,3721.24697688,136896.218428,5.46875879855,3105.31332522,0.0
TestReserveMission,40.1156349264,844.691579618,c6fc4566-8c1a-4f58-ae34-25ff66ce7922,7107.22597972,56283.1635322,6.53392475195,2783.02312641,1.0
TestReserveMission,71.8026924434,378.615458234,dc03ad63-eb11-4db0-96cd-91680d2f94b5,3090.40111186,193420.637077,3.56552039324,4073.77972461,1.0
TestReserveMission,42.4616091216,426.708195806,6a2fdc3c-f62d-4c93-a6be-5c01c9676987,3182.81167952,152428.648297,3.36435357338,4969.79914916,1.0
TestReserveMission,61.9909555125,79.1931879221,a47e0425-3946-4755-b451-2669a667df64,5609.99792146,62021.4691078,3.36782601868,2380.49222657,0.0
TestReserveMission,44.8279813253,81.4325680939,6988d2d2-12fd-4283-8633-20aec14d41f0,8381.96228286,83674.9230875,3.85069104506,3246.57798575,0.0
TestReserveMission,67.2407399097,220.602939273,0ae2d1b2-33f2-4839-aa4e-478dfd814767,7093.20772292,152967.484565,5.95331188842,3654.92268483,0.0
TestReserveMission,35.8735428971,107.521452861,a0e1fd1e-15cd-4738-b454-0dc655a3a9ea,5045.51284478,28448.0283269,5.92235479638,2173.00860828,0.0
TestReserveMission,70.9083115794,599.005130248,0e897be5-ba5c-4a0f-9e00-ac51a8e6c72b,256.801454707,99929.0753753,8.75198303482,2789.27167986,1.0
TestReserveMission,53.2025085589,244.200571368,ff4c30b1-758a-4562-b28e-751a5c224428,1340.00168364,137170.821601,3.34833369389,3958.27732783,1.0
TestReserveMission,72.6964221216,72.2098996976,4a9348ee-08e1-450e-a586-804c986d9d69,1919.89443269,51802.6742996,2.55069242386,2092.58904892,1.0
TestReserveMission,59.7293290754,382.376527215,26a56371-a060-493d-a94f-dc261fd1f177,6652.12011796,177059.131562,1.10155513393,4344.358286,1.0
TestReserveMission,35.2162398154,68.3487084515,6ae284b9-8f16-4e52-addb-71da576ecb07,6879.18625641,30604.7886989,4.40462142435,2249.05327938,0.0
TestReserveMission,57.5587529398,486.702784059,90ed39d0-1cc0-4ab9-9c87-03b58a02a383,6890.8863974,128857.747856,5.60781405392,3618.71681152,1.0
TestReserveMission,53.5450222512,93.4200422307,bb1f92dc-0d8c-40aa-b8cd-9e941d3a8f14,9684.11829795,101791.817772,1.21224355979,3281.05099396,0.0
TestReserveMission,71.3756372887,246.38110303,1d633419-0125-494c-823a-d6fc82a0fe18,4642.90247175,32808.9474426,8.9338607213,1839.66591247,0.0
TestReserveMission,74.4966105201,284.377374631,6dca8921-555d-411a-a7e2-19771ef5be0b,9584.13605922,31906.5824808,9.56965940773,1808.29576081,0.0
TestReserveMission,55.4862179025,334.417297185,ff8452fe-2394-4040-b270-581837fdf113,1002.16162622,187742.456766,4.60901213981,4763.5872017,1.0
TestReserveMission,71.0632442426,190.251147335,282375e2-8288-44fd-9115-fe8a1ff01270,9592.46920656,116704.101169,5.26059408774,3022.25687151,0.0
TestReserveMission,75.514609954,102.143646295,4ac3f9fb-2a00-4b8c-963d-bcb982a91a8f,9274.02966501,31420.1194135,3.2667774721,1796.08000667,1.0
TestReserveMission,68.1230993413,98.7356595482,afe94f5c-780b-4c11-8a49-7191335bdadf,8064.70660898,39797.2615351,3.10586545523,1964.19628467,1.0
TestReserveMission,79.3600187579,214.830504081,4aeab61f-609d-4bcc-b675-9b7314798fe5,6332.24750026,117929.262066,5.56359629247,2866.00345504,0.0
TestReserveMission,64.8852891836,153.368801952,62055c08-2e9d-4384-bfea-cc107d299bef,8480.58007531,104461.173167,4.97078033294,2989.93615782,0.0
TestReserveMission,66.7180234374,633.381266775,2bd05984-6893-4a25-aaec-a5861fb9fdca,8001.44530941,105688.333238,8.01444672475,2964.10468106,1.0
TestReserveMission,65.5364872183,54.6087958092,b250b6f3-eed5-4a4e-8c6d-e03750afd9c9,4213.68699275,13679.5193079,3.71657672417,1588.73134781,0.0
TestReserveMission,66.5078282672,485.061547575,ad003b46-b4e0-4a8b-9344-59fdb99c1d3f,2147.135947,151269.949692,4.8135833633,3654.46833903,1.0
TestReserveMission,70.0835019377,177.549561786,6124f8d0-bb80-48b0-8264-535b85df06e1,5883.54800588,59551.2193469,6.74478799982,2229.71808914,0.0
TestReserveMission,36.4840627434,1615.96781806,f18f09c4-7044-4610-b20b-7f5c2e89daf9,9417.60261942,138866.649942,7.70322477002,5186.22769231,1.0
TestReserveMission,73.7392560846,198.941328371,d6b7b867-f151-42f5-98cf-d9c01f6bcac0,1916.10654925,139409.368778,5.42760262473,3270.57194472,0.0
TestReserveMission,43.760065506,798.44096749,d9d5d673-db4f-483e-9bc7-70332761fb07,5929.67966601,11255.4414442,6.59803863768,1637.20805748,1.0
TestReserveMission,31.1710378945,8693.09356379,adf53652-dd61-480f-b971-83ec9becd5d9,9794.50481426,174465.283514,9.45873071011,6977.03158118,1.0
TestReserveMission,66.2892354738,314.115102069,ff5744e4-42d3-4091-bf1d-22bcd22d4706,6753.17310786,172787.263455,8.18860355559,3986.56594121,0.0
TestReserveMission,77.9889465086,116.597615911,07b8732b-2af2-4bab-96ec-0004cb81835f,5226.22975628,43945.6506902,4.92753244695,1943.48563043,0.0
TestReserveMission,79.7063206496,627.58098115,8aa72266-7a62-4639-8e55-cbe7909605e4,2527.56990725,55175.8123059,9.28227654171,2072.23885705,1.0
TestReserveMission,41.4138225149,1186.89774383,53a46d90-fb9a-4bba-86cc-71d12d580dd8,7892.41307052,141292.315057,6.67297696104,4791.71875661,1.0
TestReserveMission,70.4660752392,100.270633202,785803dc-f2d8-4630-93e7-17f75a74474c,2295.16794126,108722.561666,1.98337053612,2922.90644536,0.0
TestReserveMission,62.6956487027,263.937261276,83716c3e-583b-4ccd-92ab-90e6f48da9be,9444.01917433,22734.4751333,9.47561713361,1742.61647505,0.0
TestReserveMission,31.3640125923,128.054257371,dd100486-588e-4a77-8e0f-e8fd97561453,8981.96352809,174607.49934,5.64814521267,6947.12884953,0.0
TestReserveMission,71.7916018518,235.278114212,f00b2672-cb61-4cde-ac2f-511e952ada52,8827.75678284,22374.3362722,8.79791267998,1691.65673554,0.0
TestReserveMission,44.7641991522,117.023773432,39ab4a34-ca38-4a5f-98fb-3853d3eaa0ef,9834.08617932,22776.6610688,3.33837275834,1888.81421985,1.0
TestReserveMission,34.4745461191,1810.15997407,743f46a5-79b6-4a84-a99b-8a5cd3141292,564.086650404,168084.17691,8.6760003881,6255.60231626,1.0
TestReserveMission,68.2235068311,349.779560828,85a8bfda-0e81-4b6a-9d4a-12a7f71299c0,761.191703021,39087.8546162,8.75095358974,1952.93822074,1.0
TestReserveMission,64.5769738756,118.798424271,bbcbb47b-a754-416c-9589-c51e21c3d6c4,9705.48555756,113761.093629,1.53550378768,3141.63556143,0.0
TestReserveMission,66.8605180603,412.031931596,3d8f8a2a-4fe5-49c4-96cc-109fc280beb5,3124.79324153,95209.7354926,7.03805839699,2804.00535106,1.0
TestReserveMission,69.9497980949,325.583553568,34311810-4ed5-4cd0-8ef1-c814b5e91683,9779.70829378,124508.918179,8.82197256086,3159.9753762,0.0
TestReserveMission,51.4483036131,116.260605217,4897b789-b488-42a8-ac4d-ed19aa196f02,2333.88533015,33241.2674794,6.00567804146,2026.11007837,0.0
TestReserveMission,57.0236409259,318.613954556,b7b59694-0cf9-44fc-953d-bf7974fc7739,7356.36586015,134233.603901,2.46934229906,3733.99917861,1.0
TestReserveMission,71.3543299182,566.700307516,ad7b533b-fa9c-4a6b-b1e1-71693a2e56ed,2854.89772685,101912.555526,4.83976215889,2808.26028418,1.0
TestReserveMission,34.1920404644,2963.6709168,c94cae84-83a1-4617-82a1-806acf56fb38,4538.93761889,83462.8638953,8.3295474422,3821.00272349,1.0
TestReserveMission,35.2690056198,84.9256367042,9b4d38b4-f9da-41d9-800f-e7729e51e48f,4652.99751483,88529.7408453,4.69118392296,3890.12863248,0.0
TestReserveMission,53.3040156302,654.094058549,a31f0ca4-a2f3-4add-a0d1-5716074e33c4,4635.92475385,149501.886343,5.2114161842,4184.70213314,1.0
TestReserveMission,37.729754316,284.591825897,5c791d3a-ca39-4807-abe0-698793dec3f1,8647.74095087,95191.5830046,9.73111725174,3902.98443842,0.0
TestReserveMission,58.4850924705,362.431216083,d205b8ab-9a22-4ac5-a19a-59597ee503c3,3610.46511201,13553.0053318,8.91314738723,1611.73435758,1.0
TestReserveMission,55.8802054627,220.432795506,3b8df9ee-1ffa-4395-ba60-12e102639176,9701.96670801,145649.697529,6.9498685952,3986.46317105,0.0
TestReserveMission,70.24291728,147.929880233,1de50e56-c97b-4f35-b12a-c9686d2ae472,6285.41743271,108899.906092,4.28662360382,2930.33290628,0.0
TestReserveMission,45.191464323,213.873835327,05f5ef82-c19e-4708-878f-70a2273e9bc2,9251.60450139,89961.5412894,8.02833985008,3370.67551001,0.0
TestReserveMission,54.7068982342,133.550531724,05498689-701e-4d09-9c22-5e633d708662,1367.2970625,174520.844536,4.31045909029,4570.10673551,0.0
TestReserveMission,76.3953418992,115.529903241,37c73eaa-b4fa-4a91-af2c-017195c41d30,2207.00887368,39633.2003743,5.25845857229,1898.79079783,0.0
TestReserveMission,72.5793954663,172.340896801,acf7a72d-dfb1-481b-9b4a-79e2458b4102,4664.38065488,147519.784383,3.83091670907,3412.52980319,0.0
TestReserveMission,72.2873151287,88.7096228836,46b37be6-e237-43de-8c84-b5be869ef5af,2001.75134124,64458.0642154,2.59956925122,2271.69260334,1.0
TestReserveMission,63.6041342843,60.2035095705,d398a111-714b-4ea5-91ff-7b3aca53dc66,2819.13113106,54166.7182824,1.68847948666,2231.62260114,1.0
TestReserveMission,44.5883292986,209.57628668,b3accf56-6076-4278-b31c-1a4233613391,6539.7552293,121797.455092,7.76874166592,4111.59943437,0.0
TestReserveMission,61.5953132117,216.408259107,2be97f65-b877-47e7-8c63-90430b8ea338,920.238298273,93065.7086174,4.47774184633,2890.9219154,1.0
TestReserveMission,79.5167312635,258.374788589,0c0587c7-f97e-4294-8b6c-034a062bb155,4221.16810866,119433.481271,7.02300302048,2881.99183711,0.0
TestReserveMission,32.7740572712,70.0305459234,23a612bd-8922-41bd-8dbf-cdd682eba83f,7570.01182188,182380.979397,2.27601870556,6944.79711645,0.0
TestReserveMission,31.449768971,28.905888922,c9a34130-14a6-43ac-a365-44a8fc7caac1,1805.40631339,99230.9533551,1.46439267202,4535.22042297,0.0
TestReserveMission,52.4633528722,295.611352847,c64213e3-8d1e-4329-98d7-616d0fa0551c,9393.81628693,55456.110433,1.2468681534,2437.04472545,1.0
TestReserveMission,44.798863546,6565.33883983,591f6c1e-0690-4f22-8d8a-860f38e35c77,5259.34175072,181040.312001,9.59569672044,5421.18090663,1.0
TestReserveMission,60.0563923931,846.387634959,e7466b54-23a2-438c-a8b1-4397e9d45391,7560.44817438,43265.9843959,6.16296098825,2100.42263399,1.0
TestReserveMission,48.2638076549,2506.44892513,448bc4a0-4c45-4a3f-be81-31e478aba824,3493.56005361,152527.801271,6.57019193109,4540.29357571,1.0
TestReserveMission,72.7895281201,312.667262927,2739ef0c-8316-4734-b292-a492db074423,281.879970928,42124.1141957,4.97036484373,1958.71118667,1.0
TestReserveMission,40.470344959,214.015912944,3187b17a-4fce-468c-a0a3-ed812c1e9994,3421.82458722,121765.548631,8.13198818857,4388.75984018,0.0
TestReserveMission,45.5808740459,85.5669794717,3f40a7f9-3dfe-44ba-97ad-76af28fa0742,5055.30120228,166435.258875,2.61658725998,5031.4275419,0.0
TestReserveMission,64.9601967285,187.888910623,d403426c-7e92-456e-a83e-d2bd77d8fce6,5626.76655238,31466.9422088,4.76457752975,1864.40343154,1.0
TestReserveMission,46.9886802349,141.962015969,d222464c-3d33-4776-bf08-5df8555f73b6,2157.036843,10221.1131125,4.25405832774,1597.52288129,1.0
TestReserveMission,47.0910871259,51.2929370816,063d7347-adc4-40cd-adb7-8e79a322d760,3845.46949315,96467.0118252,1.47267921043,3428.51953337,0.0
TestReserveMission,68.5991356087,305.965396532,9bbf4ae5-9821-4eb4-8ef9-f41f38b7e82a,4258.88180682,134127.916961,8.64169192894,3335.24208536,0.0
TestReserveMission,72.054706357,138.931788001,fc9e0346-fd95-47b2-84bb-00b6bf4bc811,4008.45765463,141407.082217,2.2427546062,3342.49612782,0.0
TestReserveMission,70.5268084775,529.562971241,5e5c96c6-adb0-4329-a178-e506411856e7,5009.26831755,62334.9834188,6.74398695675,2263.84806805,1.0
TestReserveMission,38.2210504717,229.934890265,16b85799-ad7c-4f41-afa9-1435def50dbc,8821.07694605,104347.714542,8.53084249083,4110.11111036,0.0
TestReserveMission,63.8366461934,76.5660884318,612a1d74-6dd7-4853-9661-16077599889b,1958.40682601,74216.7639581,2.99143385656,2542.604372,0.0
TestReserveMission,73.4546083797,143.48336362,76876c22-5a5e-4109-9638-a5de8075befc,229.286767791,22895.6610831,6.70214767876,1691.69808931,0.0
TestReserveMission,56.6024486016,67.7657556257,aacc46cd-3ebf-4ce3-b661-a03d485a7c36,1347.46316767,61904.7628045,3.44132988948,2473.67641037,0.0
TestReserveMission,30.7471569253,459.521404551,5b5f0790-5afe-4552-990b-b5e67f70bb35,9650.948377,16656.5379419,3.43498674617,1921.72611739,1.0
TestReserveMission,57.1705338472,148.826652431,a911fdb5-823c-4034-a270-4366fdfc39b8,6431.63555924,137389.880364,4.91708613364,3783.15895477,0.0
TestReserveMission,38.8263135555,241.67414902,e818f9f7-bfe8-4c76-973e-69b169727818,3958.11722566,13982.818906,9.32556030169,1740.1376908,0.0
TestReserveMission,38.8159908425,238.21378652,32619c3e-3476-428e-8a6d-a325f1959ab1,7714.16536539,83188.8374903,8.84087577832,3523.1589323,0.0
TestReserveMission,46.4626920333,419.664053115,6a0d084b-b512-45f3-8f4e-3ada87e79b80,4839.80270088,195321.861353,4.11708216176,5583.84297175,1.0
TestReserveMission,44.3249824428,261.147809419,65acfbcb-2b1c-4338-a498-edc300b06b9b,1620.6000928,188751.347399,8.66143785727,5638.35131785,0.0
TestReserveMission,57.8352289772,298.705525501,3d2587fd-33e9-4e7c-bcb2-5cbfad954217,8025.10862836,181757.771213,8.33552669311,4522.68265946,0.0
TestReserveMission,41.9142065437,53.6522700842,aaad3783-da87-4232-95fe-126e23904370,5729.08597465,39031.3314798,3.48237174521,2311.21961975,0.0
TestReserveMission,66.8978218516,411.953300965,5b891200-c2d9-46c5-8e33-203be8722ed0,9934.35508005,188265.486957,9.72251147989,4194.22446571,0.0
TestReserveMission,73.3633036388,210.970429574,a43090bd-0b2d-4faa-a110-1c197e3b14a6,6242.68699681,185183.2825,3.63592497474,3904.19497644,0.0
TestReserveMission,34.5140204266,1401.40334329,0139bb3d-36bf-4ded-bb2d-12ac5c9df4d7,6593.75084813,82589.0512096,8.60323246316,3772.91308833,1.0
TestReserveMission,55.4373133626,266.441423431,20d009f8-0f2b-4193-bc94-ee37a4c972c5,9090.11329068,108813.633789,8.6277335936,3342.82300112,0.0
TestReserveMission,59.3142889829,639.503132954,a0ceef5a-aa8d-4d3c-af28-ab3973a72279,2822.34457723,148876.45973,7.00978862644,3889.95944287,1.0
TestReserveMission,51.9249507947,138.931120492,471ec0b1-3670-4d96-b537-be7e429b512e,614.381211137,98864.7262219,5.93881396236,3283.99267999,0.0
TestReserveMission,44.5910573377,54.7905739943,2c76b2fe-6f2a-4f65-bac8-b08d7462e532,4960.48070467,103928.700936,1.70922901955,3710.70725703,0.0
TestReserveMission,42.4929001655,110.03476257,add26e52-d7ca-424c-aa1b-80955dc91a90,6846.57739868,16096.5255102,1.29198018534,1758.80505796,1.0
TestReserveMission,57.9481222467,113.169513219,f427eb7e-50b2-463a-8e5b-34f8a3771679,5124.25838483,87485.6099512,4.62060108864,2889.72294803,0.0
TestReserveMission,38.7050486405,20.19791505,1f40018d-a57d-401e-bba7-b70f1f427ed8,4005.18389901,10931.138048,1.60390370095,1662.42150396,0.0
TestReserveMission,63.9233541504,125.578893354,fe15c8d1-92e6-4811-bc22-fd274dd07e5e,1509.81308102,117750.003967,4.21383626897,3222.04983503,0.0
TestReserveMission,55.4377876745,639.57037153,cf11d96d-9d0d-40ea-8dc9-c9960100b424,1030.50246388,20688.1589321,5.57444791987,1753.17793151,1.0
TestReserveMission,46.9430556831,109.054572113,ab5e9872-535d-4917-89d1-049d95a9c66d,2671.12226074,168804.257603,4.09561516882,4975.93671836,0.0
TestReserveMission,79.8966838997,281.153741845,340adc76-692e-4ba5-aa32-c36dc3e68570,970.603313144,154835.560584,6.98955686105,3317.94727173,0.0
TestReserveMission,32.5080146253,229.935497543,0571fe36-4343-49c1-8746-e8995cae9668,1367.60550577,40670.6443695,9.03896288111,2631.09591706,0.0
TestReserveMission,50.4376972206,132.28392491,b44e0a32-7b5c-47d7-849c-299337980caf,8985.34310774,106782.200176,5.23641107623,3497.11093211,0.0
TestReserveMission,48.132064425,54.2154921057,e0536cab-81c7-4a33-bfdc-d04c5c2ded0d,1295.50195526,55607.9428328,3.25889987238,2535.32012801,0.0
TestReserveMission,62.6567404694,57.0274658459,dc736224-d15c-45dd-b956-1654c7881028,8708.402574,25420.5709334,3.12802650246,1785.71167193,0.0
TestReserveMission,38.6364475426,2070.86759801,d1a59db9-e199-4d0a-882a-122464825d59,8754.09176691,169239.981883,9.63069476588,5760.31943014,1.0
TestReserveMission,43.3746624401,113.167935171,ee248d74-65ff-4880-bea9-5179f0566760,9804.13067816,176424.635585,3.74368610247,5447.45841143,0.0
TestReserveMission,45.0839410359,598.142051546,d8aa6519-f2b5-4564-8930-5ec095853db2,5030.40782708,130273.648116,6.33660240521,4269.57986199,1.0
TestReserveMission,65.4184017735,199.378725724,a1912f93-1c3d-44b8-9129-7ec67ff66d32,6836.55455439,83444.0554136,7.00527278837,2655.54408471,0.0
TestReserveMission,62.1054851553,153.729471568,3ebad71d-a530-4179-a334-36a34023abe8,8626.87628335,179643.415848,1.54957161662,4272.55313598,0.0
TestReserveMission,67.661578079,788.054757674,2e7c1e78-1e13-4fab-b0d4-42e09b03b19c,1852.07352164,102471.336829,9.58912174387,2894.46862073,1.0
TestReserveMission,65.6079966857,247.511526423,2cf73922-4b95-4d10-8709-9b964d9f4ddf,7264.58253576,98003.5008391,7.9290034341,2873.77371342,0.0
TestReserveMission,78.9842743153,158.570541422,89be85c4-8738-4542-875c-4d1dd8746af8,9359.30617187,115791.483093,1.9113517243,2846.00679815,0.0
TestReserveMission,62.0408815739,48.795951455,cf83608e-1192-4634-be1b-92f07e63a227,8203.04424306,15237.2739883,3.11104476722,1625.60053954,0.0
TestReserveMission,50.94135058,111.987597702,6efba4a3-de05-44f1-a021-44a8c91d7793,984.236719963,64912.1376977,5.50933974879,2654.25238944,0.0
TestReserveMission,43.1689747675,118.903508021,fb5d0e7e-bfc5-4a5b-a280-d62c246fca93,7973.64461709,138686.074623,4.86249841635,4592.63303959,0.0
TestReserveMission,33.9690802466,189.218554945,1d7854f9-4a26-4d09-a356-9573cce4d6a7,3955.25086908,30868.5991545,4.33322602546,2288.726375,1.0
TestReserveMission,48.7736778766,484.267005695,a93f75b1-32fd-49bd-a1a3-13846c4fca49,2532.58658246,167306.953525,5.02271906774,4810.27142527,1.0
TestReserveMission,70.9578521924,170.942708723,ee09b08c-de4b-454c-a577-161465d68e0a,6271.46156191,139302.570326,4.09041860156,3343.17343355,0.0
TestReserveMission,62.0963548233,233.248310481,a4d67225-8115-4c7f-b670-4053f091dd9c,5467.42604141,133464.848106,7.28750117398,3529.31856284,0.0
TestReserveMission,38.9315017596,152.495774548,664ea432-355c-497b-8b4a-b10d683fb2ba,4730.81327487,112213.236426,1.5573567364,4262.32488742,1.0
TestReserveMission,41.2355391812,2057.96183798,dd54453a-46e7-4f34-997d-600af466c3d2,3201.39956104,193119.783233,7.99158327981,6063.333529,1.0
TestReserveMission,53.8992077297,172.246347461,e5dd20af-921c-4ae1-87bd-b035dc090759,8719.24409698,194350.590658,4.80218528761,4985.81535137,0.0
TestReserveMission,63.658421048,260.401492084,90050a70-254a-45d4-92cf-1a19728dd2e7,1297.40667155,142396.843565,4.62246158207,3616.88934191,1.0
TestReserveMission,35.9964052842,72.1017038866,ed0ac5b8-1e0c-419c-ab8f-bc756cd1b951,5140.6800426,23768.4711386,1.52640282118,2040.30124261,1.0
TestReserveMission,72.1518853654,620.832858123,6097880f-71f3-497b-b079-c2d62b12e6fe,9956.46727408,115457.427251,7.94461802795,2980.19972682,1.0
TestReserveMission,38.2826369594,219.396307117,382b71fd-618a-4712-b53c-c32527c72431,8759.03485319,42022.5711258,1.32844182013,2477.69269997,1.0
TestReserveMission,72.1091310639,94.8888219163,b0ed922c-5fbc-4ec5-935f-00f5ea9659ad,395.874121368,90031.0442524,2.78992450292,2628.53874848,0.0
TestReserveMission,39.86696142,7993.95712412,2ce6f0c7-25ea-420a-ba44-92d3d78bc154,1107.86610166,153244.113788,5.19573003122,5223.88747798,1.0
TestReserveMission,31.0002505779,182.639224863,30224a60-05ca-4561-8d79-61b3ba3ca3ca,7490.49013232,115953.474172,7.61193336422,5120.40441643,0.0
TestReserveMission,63.7644570905,288.497334139,40b31c70-7138-440c-99eb-72a879c1348a,4118.59185,198906.303791,7.59057087776,4499.39147397,0.0
TestReserveMission,35.2080973405,304.508297549,f423b59c-ebee-4700-ae31-3e3bf0b18cd3,1249.26160958,170942.210337,2.58066050838,6235.19591372,1.0
TestReserveMission,61.9798446867,288.445796903,949a6b55-47e5-4713-8308-72a0697933fa,3794.04920812,150141.287067,8.47064555769,3802.42115684,0.0
TestReserveMission,35.4122245246,1458.57842954,47662956-5e49-47f0-807b-9e3b888ccff1,803.255243873,37454.9187175,9.21907070795,2437.68330627,1.0
TestReserveMission,57.1524832384,116.285417645,7f470e9b-fb84-4d36-821c-f68f54bdac69,3397.03914345,191996.588155,1.79356148842,4739.37438369,0.0
TestReserveMission,72.1098973042,282.937868535,8b277b06-0530-40f9-9a1b-30614ff2bdab,4077.49683512,131506.809707,7.93918708601,3203.69986123,0.0
TestReserveMission,67.1934692269,160.689476156,eca8907a-979f-4b88-9697-b8b0c93608f4,3002.79825,184081.528982,3.04026494534,4119.57471016,0.0
TestReserveMission,68.313361206,314.825607746,5d66115a-2191-4aec-94a3-8cb4d88a3105,6286.11753123,57977.1129164,9.92783473756,2228.69360683,0.0
TestReserveMission,34.1448510238,233.27455761,45b5c581-b9ec-42a1-a5a2-4ab47feb561c,2569.11183094,176137.708858,8.56741678659,6538.5437797,0.0
TestReserveMission,64.4517377615,155.758698764,83985960-465b-48f9-9aa0-ac62d933791a,7335.47697273,177834.234911,2.38775175487,4139.18448575,0.0
TestReserveMission,44.7813398967,158.757118078,9f47c0ae-a54d-4011-8cac-50ee41f909a2,5704.73892293,150949.381994,6.14207835862,4750.80985835,0.0
TestReserveMission,48.1121818153,277.373286464,59f70bea-c3f0-46ff-b822-5c08ae40f71b,6332.89686738,145170.119553,8.95700730748,4397.32563513,0.0
TestReserveMission,68.68223944,112.488131828,08de7474-67f8-4c35-8b99-dbeed967d459,5862.23228886,47936.1647893,1.43007331067,2077.94120256,1.0
TestReserveMission,32.3467239249,2353.14290574,cafe94cb-2597-4e19-92a4-57a542917418,8636.59644896,143739.720392,8.89633229375,5823.71803232,1.0
TestReserveMission,40.7006419999,219.370519417,c54e9fdd-eccc-401c-8d4d-913e06e21d0e,8893.48496202,79209.5955796,8.3784567808,3326.15101108,0.0
TestReserveMission,79.9460437243,76.6193103518,7c597d18-3da8-43ad-9c93-407141d9e991,3297.61172895,62677.5376514,1.13333749947,2163.99799079,0.0
TestReserveMission,44.3214611271,905.441569972,bfe29b21-7fb3-494b-b106-9a36f4c5830a,5582.80542738,18711.9999924,8.43122549403,1802.18824733,1.0
TestReserveMission,64.826189181,1243.30315966,6291eafa-2853-4af5-ab49-6d569d1243fe,4976.46227338,48907.2986591,9.89387165332,2134.43735436,1.0
TestReserveMission,32.2192866355,249.617847606,fb2fb3e4-9ce0-4c5b-96e0-a9179793f819,5036.45441922,154412.499706,9.01201787104,6172.5486822,0.0
TestReserveMission,47.7315739634,77.6056080519,f1bec721-5601-461c-8d3e-f870e126d69f,9476.90936824,81722.8611533,3.31944236945,3092.13421992,0.0
TestReserveMission,70.8872436822,218.332136491,77c1750d-d863-4d1e-9aff-ea065d52509c,4255.50723664,88419.0582359,5.04613306551,2627.31973826,1.0
TestReserveMission,50.9692760572,69.2754289399,033854e9-0b69-47e8-82bc-e270bfef52c4,3546.27684836,51007.4180862,3.90238315589,2380.74833374,0.0
TestReserveMission,70.1999531907,80.0840361657,306b4f57-6938-45cd-9754-8e5f7bb16605,5705.45559089,65617.0390111,2.42541709467,2314.7162787,0.0
TestReserveMission,67.2267137964,1038.06401567,8ea7c9a9-aa5b-4998-a36e-d29ac30a72de,5250.53289495,155572.875713,7.89911425413,3694.15261773,1.0
TestReserveMission,49.8791039903,828.216495375,55fae24f-9061-43c8-b783-8b02694832b6,5851.71139464,87455.1242014,7.47347689272,3133.34192487,1.0
TestReserveMission,68.231783837,750.94900028,69a00125-36ee-4f76-bdaa-074cd074ca7f,9432.93605838,130635.073248,7.06075461196,3294.57801484,1.0
TestReserveMission,76.0331363788,239.051689458,aa1272cf-8885-446c-8192-a5bfd54f8318,6957.11028888,28979.8993097,6.25688030195,1761.14828205,1.0
TestReserveMission,71.5575932271,166.567637555,5b7287a5-c3c4-46e4-8473-d8368499b867,1386.75689724,154035.685498,4.01763852201,3532.61132399,0.0
TestReserveMission,67.5009463622,65.1218607978,cd9a3063-2fd4-42c0-8868-baf623605cc3,8829.28521611,41758.782931,2.44449241223,1998.63996257,0.0
TestReserveMission,63.7262795004,920.645775753,24f5e459-db36-4c97-8566-92be199bd994,2658.85190403,170680.216593,8.28293875028,4058.33330192,1.0
TestReserveMission,56.6345273523,182.613845271,7c3e16d8-5da9-4118-821d-b7ab9222663e,8639.42381334,44557.9424309,1.37884780487,2166.76285499,1.0
TestReserveMission,60.6383970286,670.938448905,75c39f38-2b03-4616-a528-46be2c549d8f,7822.87240477,131467.44949,7.41628647842,3548.05614812,1.0
TestReserveMission,71.7425494586,616.758707842,2c1220b6-78e7-4fd4-aebe-a11fd61ba030,2012.93166407,166583.425502,7.29675813479,3701.96132921,1.0
TestReserveMission,38.9128000391,111.019324973,7394323a-fea8-4db7-9f87-bdf6270fea64,1440.2040138,81905.5571947,2.75435315196,3484.84871591,1.0
TestReserveMission,62.7376609252,152.715651204,70df1db4-c8d4-414a-84ee-ef1909b9dd88,2054.1845364,197749.51546,3.25571074117,4532.00650684,0.0
TestReserveMission,49.1717185529,236.917042363,759c1fc5-a992-4d95-a0cb-762f7ca27f40,6426.14846553,183982.749684,7.61413076214,5121.63757336,0.0
